-- phpMyAdmin SQL Dump
-- version 5.1.1
-- https://www.phpmyadmin.net/
--
-- Máy chủ: 127.0.0.1
-- Thời gian đã tạo: Th10 04, 2023 lúc 03:59 PM
-- Phiên bản máy phục vụ: 10.4.21-MariaDB
-- Phiên bản PHP: 8.0.10

SET SQL_MODE = "NO_AUTO_VALUE_ON_ZERO";
START TRANSACTION;
SET time_zone = "+00:00";


/*!40101 SET @OLD_CHARACTER_SET_CLIENT=@@CHARACTER_SET_CLIENT */;
/*!40101 SET @OLD_CHARACTER_SET_RESULTS=@@CHARACTER_SET_RESULTS */;
/*!40101 SET @OLD_COLLATION_CONNECTION=@@COLLATION_CONNECTION */;
/*!40101 SET NAMES utf8mb4 */;

--
-- Cơ sở dữ liệu: `stride_style_shoes`
--

-- --------------------------------------------------------

--
-- Cấu trúc bảng cho bảng `bill`
--

CREATE TABLE `bill` (
  `id` bigint(20) NOT NULL,
  `address` varchar(255) DEFAULT NULL,
  `create_at` date DEFAULT NULL,
  `discount` double DEFAULT NULL,
  `down_total` double DEFAULT NULL,
  `full_name` varchar(255) DEFAULT NULL,
  `id_customer` bigint(20) DEFAULT NULL,
  `id_ward` bigint(20) DEFAULT NULL,
  `is_delete` bit(1) DEFAULT NULL,
  `note` varchar(255) DEFAULT NULL,
  `note_refund` varchar(2000) DEFAULT NULL,
  `payment` bit(1) DEFAULT NULL,
  `refund` varchar(255) DEFAULT NULL,
  `sale_point` varchar(255) DEFAULT NULL,
  `phone_number` varchar(255) DEFAULT NULL,
  `status` varchar(255) DEFAULT NULL,
  `total` double DEFAULT NULL,
  `transport_fee` double DEFAULT NULL,
  `update_at` date DEFAULT NULL,
  `voucher_id` bigint(20) DEFAULT NULL,
  `id_history_pay` bigint(20) DEFAULT NULL
) ENGINE=InnoDB DEFAULT CHARSET=utf8mb4;

--
-- Đang đổ dữ liệu cho bảng `bill`
--

INSERT INTO `bill` (`id`, `address`, `create_at`, `discount`, `down_total`, `full_name`, `id_customer`, `id_ward`, `is_delete`, `note`, `note_refund`, `payment`, `refund`, `sale_point`, `phone_number`, `status`, `total`, `transport_fee`, `update_at`, `voucher_id`, `id_history_pay`) VALUES
(1, '980 Edward Ave, Braunstone Town', '2012-11-07', 936.85, 455.72, 'Ray King', 84, 270, b'0', 'YcuMEJy9hh', 'AREWC56gzV', b'1', 'VNzwkqVPVM', '3ZvW4Gt4zp', '(116) 788 8599', 'zSfBTEALzQ', 186.31, 856.28, '2014-05-19', 336, 39),
(2, '898 Nostrand Ave', '2007-03-25', 743.95, 18.36, 'Zhao Jiehong', 42, 16, b'0', 'DykxCWIIVI', 'PWSM2L7f4a', b'1', '2K401NoYQL', 'uaScvJbiud', '718-556-8937', 'iVHvuDziyt', 522.36, 356.75, '2003-07-05', 462, 72),
(3, '216 49/50 Strand, Charing Cross', '2017-03-27', 238.48, 403.98, 'Shing Suk Yee', 33, 895, b'0', 'fAQJH2q2k8', 'gLnhzP1cqu', b'1', 'ie2f0HJctt', '0FdnXoBiDS', '7122 071453', 'GxogyyIeRm', 546.51, 11.8, '2019-06-12', 476, 71),
(4, '192 Edward Ave, Braunstone Town', '2015-12-15', 315.9, 140.69, 'Kondo Takuya', 35, 709, b'0', 'PIhV5cVg42', 'N7SwhVVJj0', b'1', 'Tkx38CeLZK', 'Xx4xkLrW1o', '(116) 441 7661', 'NWexyPp3P8', 915.73, 762.77, '2004-11-01', 218, 50),
(5, '779 Fifth Avenue', '2001-05-31', 564.39, 89.64, 'Miu Suk Yee', 37, 632, b'0', 'zPEonchXuD', 'FR1SZ4IkCp', b'1', 'vGKvvnjrkt', '5WumgGjBq2', '212-926-4019', 'tVEjZaw0zI', 231.85, 601.08, '2001-01-05', 645, 15),
(6, '2-5-14 Chitose, Atsuta Ward', '2004-08-29', 246.59, 983.79, 'Kimura Takuya', 3, 366, b'0', 'to1Uexpjgz', 'oUg4uqQb7d', b'1', 'GvQrzaoQRd', 'NXtcjT3ogd', '52-386-8308', 'pKJ0iZ7rkH', 178.27, 787.43, '2000-04-02', 785, 46),
(7, '423 Middle Huaihai Road, Huangpu District', '2006-03-06', 460.8, 449.06, 'Lok Suk Yee', 55, 879, b'0', 'Noic8wSnFJ', 'll6ZvNbpG4', b'1', 'gvRvzmJfBb', '4783cshzSB', '171-0628-4027', 'j5Mijq3RQH', 393.03, 926.21, '2014-11-10', 419, 70),
(8, '2-1-7 Tenjinnomori, Nishinari Ward', '2023-04-07', 84.97, 976.71, 'Watanabe Rena', 76, 931, b'0', 'S4wgEgJohi', 'ccA5yfT5os', b'1', '4BH8j8Q2NW', '8kvIImdiia', '66-996-4765', 'ki9yIHaevi', 168.6, 729.91, '2020-07-03', 479, 94),
(9, '728 Middle Huaihai Road, Huangpu District', '2020-04-20', 547.73, 720.25, 'Eric Stevens', 26, 502, b'0', 'gAv42Xy2pS', 'HEC6FDcCxM', b'1', 'B1AokYdx9y', 'HDW6leHl9f', '172-3170-9133', 'h4WMog0S5J', 825.57, 152.3, '2000-05-14', 561, 40),
(10, '986 Canal Street', '2022-06-26', 975.86, 38.15, 'Jose Cooper', 86, 934, b'0', 'yV76EyFoFA', '6ZOnHPqBEK', b'1', 'vd7BwTEIn1', 'uQ5DkQt6Pd', '212-878-7653', 'ijlwaJVWaP', 981.61, 984.17, '2016-01-12', 899, 12),
(11, '431 Fifth Avenue', '2001-09-07', 397.08, 872.51, 'Fujiwara Tsubasa', 41, 994, b'0', 'QqJp4wyRo4', 'XiTXB189zf', b'1', 'tVvgYJSRU2', '4z7EASLT2i', '212-739-9296', 'wqzCpjxoFa', 61.43, 900.67, '2010-05-14', 813, 87),
(12, '5-2-16 Kikusui 3 Jo, Shiroishi Ward', '2021-01-27', 974.25, 91.62, 'Wei Anqi', 49, 574, b'0', 'pn9OEOUPog', 'gyHVkjFNFR', b'1', 'ThkCwi1C0y', '8uQzZJ2YHH', '11-663-8914', 'sEioZgj2lw', 797.8, 92.56, '2004-10-19', 963, 97),
(13, '626 Lower Temple Street', '2018-10-09', 993.3, 762.08, 'Ishii Minato', 45, 74, b'0', 'VQBJo6Psyw', '33KWH9Mut3', b'1', '3EJRpFqLoT', 'G12DI2NyZd', '5156 270775', '1wJCGOLCVK', 465.71, 368.23, '2016-09-17', 445, 90),
(14, '96 Central Avenue', '2019-02-16', 406.81, 914.46, 'Matsuda Takuya', 79, 903, b'0', 'fKwlAzPyjN', '3EAikEIK8x', b'1', '1TUi0dPi3A', '62FvtJLpoU', '838-899-5977', 'vtAbDwGgTH', 830.21, 514.94, '2012-09-01', 629, 79),
(15, '522 Spring Gardens', '2020-03-30', 387.65, 669.05, 'Pan Zitao', 91, 164, b'0', 'bifUy0zRek', 'L2NEqfcPKh', b'1', '0ozlc1fwne', '8qGPy0ZpBm', '5597 505503', 'rTtfGFU20F', 605.23, 991.32, '2000-07-10', 568, 25),
(16, '687 Huaxia St, Jinghua Shangquan', '2003-12-18', 729.75, 178.03, 'Choi Wai Han', 42, 763, b'0', 'jkZABulC8y', '0gk2D7ZTUf', b'1', 'AGpZTsBuxN', 'ac24iO6GyC', '760-884-2027', 'TmrCIGF2gJ', 533.94, 764.31, '2001-05-17', 835, 73),
(17, '505 Narborough Rd', '2012-05-04', 473.99, 827.93, 'Yamada Ayano', 86, 249, b'0', 'beyHFnRl5s', 'kE9mbbKW43', b'1', 'cB2wcMXs2U', 'Syi5btt5b2', '5083 960605', 'BdYBuNbTmw', 97.08, 592.3, '2012-12-31', 402, 59),
(18, '137 2nd Zhongshan Road, Yuexiu District', '2016-04-30', 687.24, 846.91, 'Mori Minato', 87, 331, b'0', 'cZzVl10OEM', '9dnnnZHRtW', b'1', 'NIgU0oYiMO', 'dQDmZZPrgE', '192-4433-5394', 'qOXrMaInqr', 476.31, 958.11, '2016-12-29', 366, 21),
(19, '539 New Wakefield St', '2018-12-03', 851.5, 715.99, 'Troy Weaver', 46, 426, b'0', 'AfliBHEjnb', 'UnPYxLA8tr', b'1', 'UphwJ0lwh8', 'iFZjesbLkw', '(161) 900 6979', 'FGN75BtNgJ', 215.77, 929.53, '2011-03-05', 119, 16),
(20, '653 North Michigan Ave', '2017-06-03', 947.14, 564.85, 'Peng Anqi', 30, 329, b'0', 'q1U6c8AUAH', 'a4DhHlmkYq', b'1', '90caKEnl6Y', 'IyYtiPHugZ', '312-618-7667', 'vBvRyjprUB', 644.12, 271.77, '2014-06-26', 42, 13),
(21, '5-2-3 Kikusui 3 Jo, Shiroishi Ward', '2011-07-11', 456.25, 731.87, 'Kondo Hazuki', 32, 334, b'0', '8yJUAWw88n', 'SY9RD0dLnv', b'1', 'gTvKGIdaUS', 'jDvuJ2RhKJ', '11-465-5734', 'OjmPN20vnK', 203.88, 461.71, '2011-04-06', 758, 70),
(22, '128 West Market Street', '2003-12-15', 604.99, 882.51, 'Su Shihan', 59, 424, b'0', '4eyJo5zi5x', 'RiSy5Gn85a', b'1', 'FpLrQHBPoj', 'KUyveuOrH0', '330-772-5221', 'vh72L1Ayc6', 78.96, 729.36, '2014-05-30', 264, 14),
(23, '740 3rd Section Hongxing Road, Jinjiang District', '2008-05-21', 710.58, 124.16, 'Shi Jialun', 15, 621, b'0', 'V0sVzd4y1l', 'bVqjYV2iT6', b'1', 'Sg0C0tZ7PZ', 'Y1krp0CZG8', '165-1436-5903', 'sq9f6FqVGs', 552.91, 683.39, '2008-08-31', 847, 42),
(24, '223 028 County Rd, Yanqing District', '2013-06-18', 198.43, 463.24, 'Pauline Olson', 1, 745, b'0', 'jtnsBR7hPS', '3PWwVEo0E7', b'1', 'cgJGCojvah', 'VujYFfzcyK', '154-6520-6751', 'XVRBM7IzaE', 357.72, 64.26, '2016-09-17', 732, 92),
(25, '659 Binchuan Rd, Minhang District', '2016-08-10', 567.8, 774.76, 'Heung Sze Yu', 1, 184, b'0', 'IHd6Q5a5qA', '8BDmEEJbOi', b'1', 'hXoU7Ha2cy', 'cNSTP2uVWm', '193-2424-6475', '95TmGe6a0x', 207.62, 187.69, '2007-02-26', 234, 43),
(26, '694 49/50 Strand, Charing Cross', '2016-10-26', 521.87, 739.83, 'Nakayama Nanami', 83, 493, b'0', 'bXg2YbaiG7', 'r5LhlAm7WY', b'1', 'HvaOkFrWzC', 'ZAP787tJxs', '(151) 946 0059', 'ukOVq7Y0YK', 921.15, 425.45, '2005-10-30', 432, 95),
(27, '1-7-15 Saidaiji Akodacho', '2023-08-03', 424.66, 47.2, 'Mok Sau Man', 37, 702, b'0', 'WqGNuybsnB', 'AXSUEu59kP', b'1', 'Wa1p63OZwV', '3ZsUjRzKEI', '90-3294-4523', 'NDxOT7WiBJ', 56.38, 144.64, '2022-10-05', 412, 83),
(28, '154 Bergen St', '2003-06-20', 515.77, 71.1, 'Miu Wing Sze', 52, 632, b'0', 'gODvwq6tpM', 'VsWPBpK1KT', b'1', 'qVTn8w5PVq', 'MiV9UAmMxi', '718-156-2487', 'cncy0LcJN2', 804.58, 2.83, '2008-05-15', 47, 70),
(29, '946 Sky Way', '2015-12-01', 583.47, 567.77, 'Bruce Allen', 1, 716, b'0', 'Xbv5tdlmzA', 'XvGilXrRy6', b'1', 'S1MHDggp7L', 'lfC0bQVPFh', '213-099-6491', 'X9f8mfIM7G', 245.9, 20.27, '2013-08-04', 436, 20),
(30, '13-3-5 Toyohira 3 Jo, Toyohira Ward', '2001-03-12', 399.96, 47.31, 'Yoshida Mai', 60, 583, b'0', 'zVi8OOUN6g', 'ZKm7jjFzzr', b'1', 'sEozsOlfLJ', 'ixLh6PY8fl', '90-7325-4589', 'vrIjilUFBO', 624.75, 824.49, '2021-04-13', 403, 66),
(31, '5-4-20 Kikusui 3 Jo, Shiroishi Ward,', '2001-03-23', 250.97, 476.37, 'Ren Lu', 28, 332, b'0', 'vd9XI2HFay', 'GhKpB5adm2', b'1', 'oBDIB3Cbmn', 'mAnbiwLGvJ', '11-911-6675', 'bXtegvJKuz', 413.21, 296.69, '2016-07-02', 967, 39),
(32, '20 3-803 Kusunokiajima, Kita Ward', '2003-05-12', 651.64, 221.73, 'Sugawara Daisuke', 32, 107, b'0', 'WpZwYhSdca', 'c6xZoy9El1', b'1', 'O2Y0BORXPf', 'gZZCO0SgqW', '70-9749-8269', '0OQAB8LKZz', 653.4, 993.93, '2021-10-14', 44, 14),
(33, '172 Figueroa Street', '2006-05-28', 77.77, 900.61, 'Ono Takuya', 6, 314, b'0', 'f9hkF3dES9', '8ObXcWrn3B', b'1', 'rUPZRcKz20', 'KYP6a7k2Cf', '213-998-7896', '9rorosjpkA', 503.11, 275.74, '2021-02-15', 993, 77),
(34, '501 028 County Rd, Yanqing District', '2008-06-10', 660.49, 820.94, 'Miura Hana', 46, 50, b'0', 'vu4Ux2yNc3', 'voBUAgDwPO', b'1', '4zDfbNh1Hz', 'j2X82Uln1J', '163-2258-1055', '5oaft1Jytt', 41.3, 447.98, '2019-07-12', 452, 63),
(35, '4-9-17 Kamihigashi, Hirano Ward', '2020-04-24', 960.62, 850.69, 'Michelle Cooper', 3, 667, b'0', 'XrBsNsomBk', 'eS6jjhuGYX', b'1', 'at5LvcEicO', 'zi7fqHXtoG', '90-7871-5543', 'DsVRIxsoId', 220.94, 835.75, '2010-04-07', 221, 87),
(36, '955 Xiaoping E Rd, Baiyun ', '2021-11-01', 577.87, 375.41, 'So Ka Keung', 35, 225, b'0', 'tdoooIs25A', '0m8n7kjHH9', b'1', 'UogNjuqlQn', 'rOaMmNrym2', '150-3880-0330', 'NGaeq2bLMC', 394.99, 38.45, '2017-06-10', 316, 46),
(37, '641 Wyngate Dr', '2007-09-30', 648.47, 205.55, 'Tanaka Hazuki', 2, 224, b'0', 'mCyMPPkbGi', '6GuIWqajUt', b'1', 'NAsBSxrnjQ', '4WS9AEGh1n', '(116) 531 2832', 'DicbhwNf9J', 657.79, 500.62, '2004-11-17', 626, 91),
(38, '973 Volac Park, Grantchester Rd', '2019-02-27', 758.68, 153.91, 'Matthew Bailey', 83, 357, b'0', 'PK70XkORH1', 'EBFegK7Q9i', b'1', 'fodi7ka2VP', 'P0kCa2wcSj', '(1223) 60 4706', 'iU0ObOScOg', 918.56, 679.53, '2020-01-31', 151, 35),
(39, '300 Spring Gardens', '2021-03-31', 795.76, 468.41, 'Fujita Takuya', 23, 330, b'0', '3Hgm0xEc1p', 'xJhaDHos6H', b'1', 'FfEZBARfNN', 'HBx4CHjA2c', '7230 474956', 'yuFeXj0JuY', 409.22, 40.57, '2011-12-24', 853, 4),
(40, '69 Edward Ave, Braunstone Town', '2012-10-22', 248.49, 155.32, 'Gao Xiaoming', 69, 233, b'0', 'p83kLTvYJJ', 'ny8PdUMGah', b'1', 'FUOI681gvv', 'rv0R6kv55W', '7278 795749', 'gFAXfBcuDF', 788.6, 639.41, '2012-12-18', 533, 18),
(41, '3-9-9 Gakuenminami', '2014-06-10', 460.42, 143.52, 'Tian Lu', 21, 380, b'0', 'odgwnLglh0', 'GhEquN9fl9', b'1', 'xa6xnZ7snt', 'ZTBmamyJYi', '70-8959-4859', 'TqnwIZAvKt', 216.88, 335.11, '2023-03-16', 129, 100),
(42, '821 Huanqu South Street 2nd Alley', '2009-05-14', 513.19, 258.38, 'Ichikawa Mitsuki', 1, 870, b'0', 'HCudTmtPxI', 'DNp3qW5BLl', b'1', '6EHqivE1uN', 'hsUlfSWcRQ', '769-0901-4939', 'pi0woFdLqX', 83.74, 717.42, '2021-06-10', 621, 72),
(43, '5-4-2 Kikusui 3 Jo, Shiroishi Ward,', '2010-05-10', 588.42, 671.87, 'Shannon Morgan', 90, 987, b'0', 'Jix6NhL1FL', 'bXXxo0I5jp', b'1', 'DOxRMmSnHT', 'zfB8yu3apu', '70-8627-8197', 'rWg2M5K0oj', 978.48, 826.67, '2006-12-29', 352, 57),
(44, '318 Shennan E Rd, Cai Wu Wei, Luohu District', '2004-11-30', 992.45, 352.43, 'Maeda Yuito', 76, 430, b'0', 'kpJRKavI9s', 'BIoMkiPwDq', b'1', 'rg88mKg52w', 'T0aKnj9Eao', '755-9953-0101', 'JywkmoP7IL', 102.87, 236.16, '2002-05-26', 617, 56),
(45, '114 Edward Ave, Braunstone Town', '2007-11-22', 352.67, 575.07, 'Ku On Kay', 43, 855, b'0', 'vP7OWMZUHc', 'hq8fIJJs6g', b'1', 'JeVtzT3G9F', 'ywTCO1kcu1', '5121 867907', 'YH607Qk0XI', 2.34, 931.76, '2021-02-16', 769, 71),
(46, '879 Fifth Avenue', '2004-04-22', 586.98, 747.93, 'Diana Garza', 75, 970, b'0', 'UtclC9sgID', 'ktR64UpRiS', b'1', '2aQzg0cjnv', 'xQ0FakOMKX', '212-015-1100', 'ckzUwTMj0L', 316.21, 621.96, '2020-05-24', 429, 11),
(47, '788 Sackville St', '2010-02-07', 760.73, 7.74, 'Jessica Roberts', 14, 710, b'0', 'CsjWeeSaeH', 'dWcHCl9mLp', b'1', 'oFUHkodflW', 'DILMoy2sVY', '7300 007903', 'kEIt82YW0f', 257.96, 897.21, '2008-12-08', 456, 52),
(48, '5-2-11 Higashi Gotanda, Shinagawa-ku ', '2006-07-24', 317.73, 817.36, 'Zou Yunxi', 99, 611, b'0', 'xtkGmMf4al', 'vSNrmqbPOW', b'1', 'SgHyOxMB4z', 'umuy0ycmYl', '70-3248-3263', 'Xa7bFq6qHo', 963.57, 447.34, '2013-01-28', 948, 36),
(49, '5-2-10 Higashi Gotanda, Shinagawa-ku ', '2022-03-12', 943, 335.48, 'Fung On Kay', 11, 360, b'0', '9rXmXzCXu1', 'NSEzknq1DQ', b'1', 'h21oB8LI54', 'BC1fXll1kN', '90-6004-8700', 'RmHd29hS7p', 244.86, 707.87, '2007-12-02', 936, 1),
(50, '3-9-7 Gakuenminami', '2012-10-08', 106.53, 523.52, 'Kwok Chi Yuen', 35, 672, b'0', 'y9jK7MuiBl', 'Hma7nbZYQ3', b'1', '49ljiDJzXB', 'AQwjCp0Wum', '70-7492-6582', '2yUgiA0xdw', 940.34, 799.27, '2000-05-13', 983, 30),
(51, '831 Cannon Street', '2020-03-04', 454.7, 662.34, 'Jamie Bell', 62, 851, b'0', 'rjxxLIdBP2', 'QPJeYEslLh', b'1', 'dFq06srKLM', 'GGZIrbnSo6', '5595 896774', 'CzExsdAhWM', 509.65, 753.13, '2014-09-23', 557, 83),
(52, '75 Ganlan Rd, Pudong', '2015-04-24', 636.03, 391.32, 'Tanaka Sara', 72, 33, b'0', '3eOTaNFcRQ', 'MdIuhRXopX', b'1', '5W1EgIb5go', 'sTdPVc4TvO', '21-452-8608', 'OgK4T4avNr', 887.04, 33.12, '2021-12-22', 668, 2),
(53, '450 49/50 Strand, Charing Cross', '2008-08-24', 164.15, 550.24, 'Tang Wai Lam', 99, 835, b'0', 'NfDDTyloh4', 'fFD1rLWlUz', b'1', 'HS6X3IyjLd', 'TsRbRSUJvr', '7643 626967', 'XzGVCTB8cd', 259.64, 308.81, '2021-12-20', 581, 8),
(54, '3-19-3 Shimizu, Kita Ward', '2005-02-07', 475.13, 891.01, 'Jeff Bailey', 91, 344, b'0', 'FvFF6ydl7A', 'ajjm0OSKYb', b'1', 'ca72hSoBAT', '4gH47wCPnI', '80-2400-4784', 'bG4n2Pho95', 480.09, 773.52, '2022-05-30', 771, 33),
(55, '19 3-803 Kusunokiajima, Kita Ward', '2021-10-23', 586.36, 902.25, 'Yokoyama Hina', 11, 606, b'0', 'ya6jGtvN1N', 'a8qFUUWlEh', b'1', 'OOa3AnaaRh', 'EFaL5uSpZ1', '80-2166-7320', 'hAjgXWZuTv', 353.82, 203.77, '2020-08-15', 801, 66),
(56, '275 Central Avenue', '2022-07-01', 223.55, 314.5, 'Ueno Yuto', 39, 748, b'0', 'HLFqjPPCF7', 'Po7nOZR9yN', b'1', 'P4CTPsCdjG', 'UcyFDzQBcL', '838-326-9990', 'kfKFoTPm8T', 556.37, 229.49, '2006-09-03', 350, 12),
(57, '5-2-10 Higashi Gotanda, Shinagawa-ku ', '2002-04-21', 145.14, 224.28, 'Ogawa Hazuki', 75, 114, b'0', 'vtntNYFDLP', 'FwCWbfhH3x', b'1', 'HdMFv7m4lK', 'IbXLqOWp1L', '80-7013-1211', 'KWDPaVZOuM', 538.35, 258.27, '2013-07-08', 968, 75),
(58, '635 Dong Zhi Men, Dongcheng District', '2007-05-17', 25.02, 436.56, 'Koyama Momoe', 50, 455, b'0', 'Foi6XHFnoL', 'dHvePmUccT', b'1', 'DgAnU7iVjk', '2Kis6yfXFh', '10-327-3568', '2sY2KOd2PQ', 127.84, 578.35, '2002-05-25', 713, 14),
(59, '6-1-4, Miyanomori 4 Jō, Chuo Ward', '2001-07-31', 773.9, 498.53, 'Qian Shihan', 28, 454, b'0', 'EoBe4b2Hwl', 'BxQWCUy1LI', b'1', '86BOGd1Vtm', '33UdhycZA3', '11-835-3537', 'XpLcW21aw8', 689.52, 974.52, '2012-11-28', 493, 90),
(60, '316 49/50 Strand, Charing Cross', '2008-12-24', 879.84, 386.57, 'Willie Cox', 92, 702, b'0', 'LFxerkbZdH', 'oYxtXR0yf3', b'1', 'tWgsSCoTTq', 'TKbn3ssVaA', '(151) 820 8641', 'DcbWMtDPwh', 158.71, 317.08, '2003-01-18', 82, 11),
(61, '352 Diplomacy Drive', '2012-10-17', 74.9, 155.26, 'Norma Baker', 75, 649, b'0', 'oUI03wDVcU', 'psAKmRPALQ', b'1', 'y1Ky9F29UB', 'pNH8Qad2Vd', '614-403-4631', 'Ad0oSp864d', 558.82, 138.47, '2010-03-06', 513, 88),
(62, '399 East Cooke Road', '2003-08-20', 325.29, 346.84, 'Abe Hikari', 64, 840, b'0', 'DSu6elGtTn', '6ayZpVIBSS', b'1', 'TSR7njiH1b', 'dKSDLTEQQp', '614-187-3629', 'WRojRmnV9k', 242.23, 451.25, '2017-03-18', 840, 13),
(63, '364 Flatbush Ave', '2010-07-19', 862.59, 577.54, 'Mao Jialun', 71, 822, b'0', 'ZzR7Rep5dD', 'ekmOeArnCR', b'1', 'cerRgPRItn', 'SEg7IdlJ8X', '718-946-5440', 'WEtuiXAMZt', 626.7, 602.47, '2023-02-26', 40, 31),
(64, '999 Alameda Street', '2022-03-04', 123.11, 877.97, 'Edith Garcia', 33, 253, b'0', '6LIpTo9lWY', '7MvzaUOW07', b'1', '8QeWLbFPv5', 'aVywuiH3kR', '213-512-1807', 'MpGyu9jcb6', 284.01, 224.99, '2014-10-02', 398, 68),
(65, '96 Stephenson Street', '2014-03-07', 962.38, 528.87, 'Takada Ikki', 22, 941, b'0', 'bz2BqYr5d8', 'NCJxVrswZ6', b'1', 'Ovwtt2T4Z2', 'kXeWIDVoL3', '7584 695045', '1YnskCqrjv', 71.78, 578.46, '2010-07-17', 717, 72),
(66, '800 East Wangfujing Street, Dongcheng District ', '2006-04-12', 22.81, 406.25, 'Che Kwok Kuen', 81, 81, b'0', 'qfHOMFXusa', 'ZVTAVs9OLj', b'1', 'PkP5AlI3hu', 'PbuBR3sGB2', '172-1868-3800', 'jQhTbayono', 59.01, 511.87, '2002-05-28', 164, 48),
(67, '5-19-14 Shinei 4 Jo, Kiyota Ward', '2010-10-18', 427.22, 668.17, 'Annie Price', 85, 750, b'0', 'od0n9Dw4Ke', 'p6RJg7pNgO', b'1', 's5kNH5oTO3', 'MrHAIa5ldx', '80-7657-9125', 'VQJJiAdcJ4', 551.11, 486.19, '2006-01-01', 478, 24),
(68, '261 39 William IV St, Charing Cross', '2008-02-09', 793.89, 149.5, 'Debbie Brooks', 97, 517, b'0', 'f0NBBugpxk', 'CgmJ0OCjjt', b'1', 'W2KbH3njwi', 'fwix2ZrC3x', '(151) 013 5481', 'yj8eelibVu', 892.87, 390.32, '2020-05-02', 917, 46),
(69, '24 Collier Road', '2007-02-19', 272.95, 204.5, 'Ando Aoi', 12, 96, b'0', 'BQ7oud0wTV', 'EZkAQkk8wl', b'1', 'yjjQqxm3LW', 'qGBuSHNKrf', '330-599-7149', 'gcX9ANyuxD', 8.49, 572.98, '2009-02-04', 330, 94),
(70, '569 Tremont Road', '2002-06-18', 714.6, 822.22, 'Diana Gordon', 57, 322, b'0', '1vMFwdqmW1', 'YHre2JaTSr', b'1', 'Pj5Lei2Ipu', 'QjxO3fO1GL', '614-555-6136', 'rPqy7U10Os', 833.01, 702.01, '2012-07-30', 623, 100),
(71, '644 Jianxiang Rd, Pudong', '2008-05-03', 23.19, 972.74, 'Evelyn Jones', 95, 352, b'0', 'UThL6l2MSV', 'ZYEHVDcwbG', b'1', 'HmSNZeLw9U', '6rI2hPe3KP', '180-3309-3544', '5uo7jhuArM', 384.39, 394.84, '2003-10-15', 941, 2),
(72, '2-1-8 Kaminopporo 1 Jo, Atsubetsu Ward', '2000-11-04', 808.16, 251.77, 'Pak Cho Yee', 79, 674, b'0', '61J5N8RgXs', '0pJSQcfaj5', b'1', 'mWwtgOgO5y', 'XbzNhYdk85', '11-935-7059', 'xq7tQ8JAqe', 188.23, 359.24, '2016-06-05', 647, 54),
(73, '2-3-18 Yoyogi, Shibuya-ku', '2017-07-13', 751.12, 318.39, 'Lui Wai San', 37, 630, b'0', '4Rfc744WVS', 'L9WwXuS8TT', b'1', 'lfVNfOPtBA', 'dRo5LGEX6g', '3-7453-6962', 'IK5Gg4O60S', 279.8, 502.9, '2001-07-13', 194, 7),
(74, '186 Shennan Ave, Futian District', '2002-11-19', 845.84, 311.12, 'Jia Jialun', 5, 43, b'0', 'RbpizjTWjZ', 'xWE92pMamK', b'1', 'dEt31zid6F', 'Kd9PITPq7T', '131-6787-5415', 'vA4uP2zn6s', 730.84, 500.35, '2011-06-19', 340, 95),
(75, '379 Cyril St, Braunstone Town', '2000-10-30', 861.43, 586.66, 'Carrie Morgan', 60, 658, b'0', 'lZfUxBbx7O', 'Dz62eVfz4x', b'1', 'PjPp1RG8nv', 'x5NCPugcqE', '(116) 043 4125', 'nNwprkLwIx', 644.57, 287.07, '2011-07-27', 213, 9),
(76, '519 Abingdon Rd, Cumnor', '2011-02-03', 964.87, 374.81, 'Tsui Hok Yau', 17, 954, b'0', 'HJfSmZdlnB', 'qseaWLLHMZ', b'1', 'dlt7Q6PElA', 'Q5mA8sM4O9', '(1865) 20 4042', 'YZNQN2B9hV', 940.56, 677.91, '2019-07-22', 953, 67),
(77, '17 Ridgewood Road', '2021-10-21', 993.83, 277.64, 'Wu Yunxi', 3, 442, b'0', 'e0d21MXvHo', 'cHUA5XrV5k', b'1', 'ZEZLf3FyKG', 'q8bkqdlqss', '330-909-0498', 'IbzwEsm9G1', 348.69, 932.73, '2004-09-27', 932, 16),
(78, '50 Elms Rd, Botley', '2017-05-22', 629.41, 178.98, 'To Wing Fat', 73, 311, b'0', 'NeaE0WGsvc', 'b1gxJx5DPr', b'1', 'Vb4ITs1Q86', '17pX8dyqYH', '7969 198044', 'qV7wU45dvQ', 858.36, 637.9, '2012-08-31', 680, 86),
(79, '6-1-1, Miyanomori 4 Jō, Chuo Ward', '2018-10-04', 877.27, 376.85, 'Saito Daichi', 6, 501, b'0', 'MXloZ6ga8t', 'NmcXIPrkFe', b'1', 'xmKTQWOteh', 'dVV4ciH145', '11-432-6470', 'DyydtSIdBn', 921.5, 71.72, '2000-01-14', 737, 13),
(80, '14 3-803 Kusunokiajima, Kita Ward', '2020-05-29', 791.82, 835.71, 'Wang Yunxi', 43, 810, b'0', 'H7xKZU4pvB', 'H2q1gwwVqj', b'1', 'WTz0HFGD3r', 'Xa9vqlPYvV', '52-358-8884', 'KSoLNtt5VI', 863.61, 297.36, '2003-04-26', 46, 14),
(81, '890 Jianxiang Rd, Pudong', '2017-08-06', 83.74, 43.56, 'Fan Kar Yan', 20, 468, b'0', 'LegdDhPD1h', 'X98nYwrUF9', b'1', 'Jv3YgbAaQx', '9SpxsySt1k', '167-0217-4498', 'I7J8XSCOzI', 726.18, 928.61, '2015-08-18', 140, 51),
(82, '127 Cannon Street', '2015-12-07', 271.92, 470.32, 'Eddie Henderson', 55, 17, b'0', 'GLwZE2H5qt', 'zqEahcIlSn', b'1', 'J02Vem7yVy', 'I91MrCVGkh', '(121) 674 6462', '4OoCEAihQU', 360.13, 630.65, '2009-06-06', 344, 91),
(83, '255 Middle Huaihai Road, Huangpu District', '2004-01-16', 134.75, 570.54, 'Elizabeth Morales', 74, 819, b'0', 'CVzQ8bbfFA', 'cuVYEOA74t', b'1', 'vVocos7Iiv', 'qFCr2wuPgV', '21-9500-2555', '9OIGHvfg7O', 777.43, 16.34, '2023-02-08', 889, 93),
(84, '820 Ganlan Rd, Pudong', '2007-09-26', 473.21, 157.84, 'Ellen Sanchez', 56, 654, b'0', 'fQttqNmGVC', 'm6qsi0jUNE', b'1', 'yiAzTLO0EB', '2ChYdyO7TA', '21-527-7851', '9a7bSm47PK', 81.12, 305.81, '2018-06-19', 513, 13),
(85, '1-7-15 Saidaiji Akodacho', '2019-11-18', 643.22, 298.66, 'Jamie Edwards', 6, 120, b'0', 'VlrbgKvQn3', 'ZK0fo1pmNY', b'1', 'vhmLDZjd41', 'tNDCgu0WlY', '90-9029-9892', 'orZfT4ZAbB', 231.9, 629.73, '2007-11-30', 323, 58),
(86, '456 Ridgewood Road', '2002-12-04', 554.99, 930.01, 'Pan Zhiyuan', 13, 399, b'0', 's0JP531CH4', '27PGbq8Xcy', b'1', '13aKiBcTCv', '4J9E9qlFAY', '330-222-9171', 'kvsVgdqvaq', 475.53, 221.43, '2004-11-09', 407, 85),
(87, '674 The Pavilion, Lammas Field, Driftway', '2003-02-20', 710.15, 243.27, 'Katherine Russell', 12, 94, b'0', 'A0LEFK3pYj', 'zHiye5mei9', b'1', 'ngGCvINYF5', 'otHbjcc9yi', '7521 821409', 'wC6tzfcG0N', 636.8, 726.95, '2017-07-11', 191, 16),
(88, '2-3-12 Yoyogi, Shibuya-ku', '2010-02-02', 648.99, 122.19, 'Tang Zitao', 97, 441, b'0', 'WOL5ml3xgU', 'rr6a3rctCc', b'1', 'Krgs6bNYfz', '9oTm3P5zA9', '90-4644-8188', '3WJSbw2ET9', 419.05, 810.23, '2017-03-13', 540, 38),
(89, '630 Figueroa Street', '2017-03-23', 43.06, 76.6, 'Adam Scott', 18, 740, b'0', 'MGmFrjFrTd', 'dBUChkZMcu', b'1', '7gp3VJyrw5', 'slFehHTQdz', '213-315-0693', 'ssrWWIOH7w', 648.59, 417.83, '2003-02-25', 469, 27),
(90, '5-4-13 Kikusui 3 Jo, Shiroishi Ward,', '2000-12-18', 972.73, 704.34, 'Catherine Aguilar', 60, 782, b'0', 'ZONU8gLQqD', 'feIyQ4xGD0', b'1', '9lk5Y4PUZg', 'PFAlZxrTmR', '90-8718-4744', 'Q5bYVBF16o', 640.19, 505.3, '2016-10-13', 961, 40),
(91, '217 Tianhe Road, Tianhe District', '2007-08-22', 94.7, 848.72, 'Liao Wing Sze', 4, 683, b'0', 'W45vnovB7X', 'SIoH8fdltn', b'1', 'OXKFyhYgE4', 'rvqU8KTWWf', '20-147-3239', 'kM2LJmyebf', 254.17, 844.92, '2001-07-17', 748, 61),
(92, 'No.499, Dongsan Road, Erxianqiao, Chenghua District', '2007-08-20', 22.47, 871.83, 'Hsuan Wai Man', 69, 529, b'0', 'y6wL4l3bX0', '5uf794Y3V2', b'1', 'ceTAOOLCZ3', 'u3uw1bB1N0', '28-878-1374', '1MMFKEeiqA', 434.21, 901.58, '2008-03-05', 127, 24),
(93, '245 Jiangnan West Road, Haizhu District', '2022-04-05', 422.99, 141.15, 'Tang Jialun', 13, 591, b'0', 'KZnJrLwZnU', 'zd5XZvLBVc', b'1', 'j5T8vKsF4A', '3Rd020mwMQ', '20-745-0922', 'xWakldhBPY', 25.23, 271.59, '2004-03-25', 656, 94),
(94, '121 Cannon Street', '2006-03-20', 900.04, 173, 'Ikeda Aoshi', 76, 988, b'0', 'MocBRP7LHn', 'GKs9kjdWGk', b'1', 'WTqW3PHF70', 'KWaf1Q190J', '5964 980846', 'Z5Ugu7KclX', 587.24, 0.8, '2015-08-20', 148, 25),
(95, '898 W Ring Rd, Buji Town, Longgang', '2013-07-21', 50.41, 483.75, 'Tamura Kasumi', 54, 815, b'0', 'ck3XNm8YVn', 'SrlXGQ81p0', b'1', 'K6fA2n4S2R', 'QOhVTX1KXJ', '755-1390-1441', 'EemHTLh2Gg', 659.61, 645.56, '2013-10-31', 817, 13),
(96, '741 West Market Street', '2008-02-19', 993.59, 590.33, 'Rita Woods', 7, 807, b'0', 'oZNepF9ZiL', 'GYRPk2jDQ5', b'1', 'EsqV3KKbLx', 'KBMEXKkKUN', '330-501-9222', 'HQ27beDwWz', 27.29, 740.16, '2003-07-26', 111, 84),
(97, '3-19-9 Shimizu, Kita Ward', '2016-02-09', 544.38, 72.28, 'Edward Bailey', 57, 939, b'0', '2GEuSiM4Gb', 'zpgadARzIw', b'1', 'MCz4r86JHn', 'hgoI2bCKAx', '90-9339-2890', 'CxmT0GAXAi', 668.9, 968.69, '2005-07-09', 382, 17),
(98, '533 Lark Street', '2016-06-26', 370.71, 333.77, 'Yokoyama Airi', 34, 225, b'0', 'ueIhoUSNqO', 'nY6m0RwTwM', b'1', 'ZiSSqLmluq', 'TqVPZqYURb', '838-184-4024', 'R87JGNfxdV', 465.95, 27.82, '2005-06-28', 744, 10),
(99, '944 4th Section  Renmin South Road, Jinjiang District', '2009-01-25', 413.87, 757.01, 'Brian Porter', 16, 595, b'0', 'UbCLF98CUq', 'GKfVjbF9xz', b'1', 'iG72iPcyoZ', 'ygFcJoOtv2', '170-4070-5166', '8S0nwHsClH', 666.48, 281.31, '2011-11-10', 891, 12),
(100, '604 Spring Gardens', '2010-05-29', 688.43, 484.76, 'Zhang Rui', 14, 161, b'0', 'tSDQIW4bJs', 'rcbNt8Tgdh', b'1', 'Deisf32vLY', 'AQtpf79G8x', '(161) 954 9866', 'TiJPqEIx0b', 402.75, 514.78, '2005-07-03', 383, 6);

-- --------------------------------------------------------

--
-- Cấu trúc bảng cho bảng `category`
--

CREATE TABLE `category` (
  `id` bigint(20) NOT NULL,
  `gender` bit(1) DEFAULT NULL,
  `is_delete` bit(1) DEFAULT NULL,
  `name` varchar(255) DEFAULT NULL
) ENGINE=InnoDB DEFAULT CHARSET=utf8mb4;

--
-- Đang đổ dữ liệu cho bảng `category`
--

INSERT INTO `category` (`id`, `gender`, `is_delete`, `name`) VALUES
(1, b'1', b'0', 'Saito Yamato'),
(2, b'1', b'0', 'Jin Xiaoming'),
(3, b'1', b'0', 'Su Jialun'),
(4, b'1', b'0', 'Fu Zitao'),
(5, b'1', b'0', 'Tian Ziyi'),
(6, b'1', b'0', 'Lee Cole'),
(7, b'1', b'0', 'Beverly Schmidt'),
(8, b'1', b'0', 'Endo Kaito'),
(9, b'1', b'0', 'Timothy Hawkins'),
(10, b'1', b'0', 'George Bailey'),
(11, b'1', b'0', 'Wu Yunxi'),
(12, b'1', b'0', 'Adam Gomez'),
(13, b'1', b'0', 'Yuen Wai San'),
(14, b'1', b'0', 'Pak Ling Ling'),
(15, b'1', b'0', 'Charlotte Roberts'),
(16, b'1', b'0', 'Andrea Russell'),
(17, b'1', b'0', 'Hsuan Ka Fai'),
(18, b'1', b'0', 'Mike Perry'),
(19, b'1', b'0', 'Jeffrey Munoz'),
(20, b'1', b'0', 'Lok Wai Yee'),
(21, b'1', b'0', 'Lu Rui'),
(22, b'1', b'0', 'Abe Minato'),
(23, b'1', b'0', 'Cheng Ziyi'),
(24, b'1', b'0', 'Sato Minato'),
(25, b'1', b'0', 'Ku Sau Man'),
(26, b'1', b'0', 'Barbara Williams'),
(27, b'1', b'0', 'Tong Cho Yee'),
(28, b'1', b'0', 'Otsuka Aoshi'),
(29, b'1', b'0', 'Kwong Ming Sze'),
(30, b'1', b'0', 'Maeda Aoshi'),
(31, b'1', b'0', 'Zhou Rui'),
(32, b'1', b'0', 'Nakamori Ikki'),
(33, b'1', b'0', 'Sasaki Hana'),
(34, b'1', b'0', 'Xu Zitao'),
(35, b'1', b'0', 'Yoshida Yuna'),
(36, b'1', b'0', 'Ti Ming Sze'),
(37, b'1', b'0', 'Tang Yu Ling'),
(38, b'1', b'0', 'Willie Mendez'),
(39, b'1', b'0', 'Zhong Jialun'),
(40, b'1', b'0', 'Ma Sau Man'),
(41, b'1', b'0', 'Anne Lee'),
(42, b'1', b'0', 'Liang Lu'),
(43, b'1', b'0', 'Hung Chi Ming'),
(44, b'1', b'0', 'So Ka Ming'),
(45, b'1', b'0', 'Jacqueline Perry'),
(46, b'1', b'0', 'Nakayama Airi'),
(47, b'1', b'0', 'Qin Yuning'),
(48, b'1', b'0', 'Henry Robinson'),
(49, b'1', b'0', 'Takada Yota'),
(50, b'1', b'0', 'Cindy Chavez'),
(51, b'1', b'0', 'Chan Wai Man'),
(52, b'1', b'0', 'Jennifer Mason'),
(53, b'1', b'0', 'Gao Shihan'),
(54, b'1', b'0', 'Hara Yuito'),
(55, b'1', b'0', 'Fong Yu Ling'),
(56, b'1', b'0', 'Yao Yuning'),
(57, b'1', b'0', 'Wei Zhennan'),
(58, b'1', b'0', 'Chiang Siu Wai'),
(59, b'1', b'0', 'Sasaki Yuna'),
(60, b'1', b'0', 'Tan Anqi'),
(61, b'1', b'0', 'Uchida Kazuma'),
(62, b'1', b'0', 'Clifford Mason'),
(63, b'1', b'0', 'To Chun Yu'),
(64, b'1', b'0', 'Xiang Zhiyuan'),
(65, b'1', b'0', 'Yuen Hok Yau'),
(66, b'1', b'0', 'Kong Shihan'),
(67, b'1', b'0', 'Emily Lee'),
(68, b'1', b'0', 'Chin Ming Sze'),
(69, b'1', b'0', 'Philip Patel'),
(70, b'1', b'0', 'Hui Kwok Wing'),
(71, b'1', b'0', 'Ruby Vasquez'),
(72, b'1', b'0', 'Hara Aoi'),
(73, b'1', b'0', 'Saito Minato'),
(74, b'1', b'0', 'Mo Kar Yan'),
(75, b'1', b'0', 'Shi Lu'),
(76, b'1', b'0', 'Johnny Ellis'),
(77, b'1', b'0', 'Feng Xiaoming'),
(78, b'1', b'0', 'Jin Jiehong'),
(79, b'1', b'0', 'Randall Moore'),
(80, b'1', b'0', 'Justin Green'),
(81, b'1', b'0', 'Jeremy Garcia'),
(82, b'1', b'0', 'He Lu'),
(83, b'1', b'0', 'Rachel Bailey'),
(84, b'1', b'0', 'Allen Dunn'),
(85, b'1', b'0', 'Hara Miu'),
(86, b'1', b'0', 'Ma Chiu Wai'),
(87, b'1', b'0', 'Lin Zhennan'),
(88, b'1', b'0', 'Sato Mio'),
(89, b'1', b'0', 'Hirano Akina'),
(90, b'1', b'0', 'Ying Kwok Kuen'),
(91, b'1', b'0', 'Kao Wing Kuen'),
(92, b'1', b'0', 'Xiong Zitao'),
(93, b'1', b'0', 'Jessica Rodriguez'),
(94, b'1', b'0', 'Che Kwok Kuen'),
(95, b'1', b'0', 'Teresa Gray'),
(96, b'1', b'0', 'Rachel Henderson'),
(97, b'1', b'0', 'Gregory Tucker'),
(98, b'1', b'0', 'Jason Boyd'),
(99, b'1', b'0', 'Jacob Hernandez'),
(100, b'1', b'0', 'Gu Yunxi'),
(101, b'1', b'0', 'Ikeda Rin'),
(102, b'1', b'0', 'Goto Mai'),
(103, b'1', b'0', 'Julia Grant'),
(104, b'1', b'0', 'Betty Walker'),
(105, b'1', b'0', 'Ueno Yuna'),
(106, b'1', b'0', 'Tong Lik Sun'),
(107, b'1', b'0', 'Tian Zitao'),
(108, b'1', b'0', 'Kwan Ming Sze'),
(109, b'1', b'0', 'Yeow Tin Wing'),
(110, b'1', b'0', 'Hsuan Tsz Hin'),
(111, b'1', b'0', 'Kondo Takuya'),
(112, b'1', b'0', 'Kwok Ka Fai'),
(113, b'1', b'0', 'Kaneko Kazuma'),
(114, b'1', b'0', 'Yang Zhennan'),
(115, b'1', b'0', 'Takeuchi Kaito'),
(116, b'1', b'0', 'Yoshida Yuto'),
(117, b'1', b'0', 'Zhao Shihan'),
(118, b'1', b'0', 'Yeow Ming'),
(119, b'1', b'0', 'Amber Aguilar'),
(120, b'1', b'0', 'Tang Kwok Ming'),
(121, b'1', b'0', 'Luo Rui'),
(122, b'1', b'0', 'Xia Zhennan'),
(123, b'1', b'0', 'Tao Xiaoming'),
(124, b'1', b'0', 'Feng Lan'),
(125, b'1', b'0', 'Marie Patterson'),
(126, b'1', b'0', 'Tsui Chieh Lun'),
(127, b'1', b'0', 'Yuen Hok Yau'),
(128, b'1', b'0', 'Gong Yuning'),
(129, b'1', b'0', 'Uchida Sara'),
(130, b'1', b'0', 'Cho Kar Yan'),
(131, b'1', b'0', 'Cao Zhennan'),
(132, b'1', b'0', 'Elaine Campbell'),
(133, b'1', b'0', 'Dai Chi Ming'),
(134, b'1', b'0', 'Lo Sze Yu'),
(135, b'1', b'0', 'Laura Ross'),
(136, b'1', b'0', 'Otsuka Eita'),
(137, b'1', b'0', 'Jiang Zhennan'),
(138, b'1', b'0', 'Fan Ming Sze'),
(139, b'1', b'0', 'John Patel'),
(140, b'1', b'0', 'Lam Chieh Lun'),
(141, b'1', b'0', 'Ti Ka Fai'),
(142, b'1', b'0', 'Yin Lai Yan'),
(143, b'1', b'0', 'Paul Cox'),
(144, b'1', b'0', 'Siu Tsz Ching'),
(145, b'1', b'0', 'Takada Daisuke'),
(146, b'1', b'0', 'Hazel Kelly'),
(147, b'1', b'0', 'Endo Sara'),
(148, b'1', b'0', 'Cindy Myers'),
(149, b'1', b'0', 'Meng Chi Yuen'),
(150, b'1', b'0', 'Randall Richardson'),
(151, b'1', b'0', 'Duan Rui'),
(152, b'1', b'0', 'Maria West'),
(153, b'1', b'0', 'Lo Chi Yuen'),
(154, b'1', b'0', 'Henry Martin'),
(155, b'1', b'0', 'Mark Moreno'),
(156, b'1', b'0', 'Li Xiaoming'),
(157, b'1', b'0', 'Iwasaki Ren'),
(158, b'1', b'0', 'Janice Vasquez'),
(159, b'1', b'0', 'Henry Sanders'),
(160, b'1', b'0', 'Luo Ziyi'),
(161, b'1', b'0', 'Peter Russell'),
(162, b'1', b'0', 'Mok Cho Yee'),
(163, b'1', b'0', 'Meng On Kay'),
(164, b'1', b'0', 'Ono Yota'),
(165, b'1', b'0', 'Miyazaki Yuito'),
(166, b'1', b'0', 'Connie Brooks'),
(167, b'1', b'0', 'Lei Jiehong'),
(168, b'1', b'0', 'Sakamoto Yuito'),
(169, b'1', b'0', 'Qiu Lu'),
(170, b'1', b'0', 'Joan Ferguson'),
(171, b'1', b'0', 'Kong Lai Yan'),
(172, b'1', b'0', 'Lin Yuning'),
(173, b'1', b'0', 'Koon Kwok Kuen'),
(174, b'1', b'0', 'Yao Yuning'),
(175, b'1', b'0', 'Leung Siu Wai'),
(176, b'1', b'0', 'Cheng Lai Yan'),
(177, b'1', b'0', 'Jose Edwards'),
(178, b'1', b'0', 'Hu Xiuying'),
(179, b'1', b'0', 'Matsui Miu'),
(180, b'1', b'0', 'Yin Ming'),
(181, b'1', b'0', 'Nishimura Ren'),
(182, b'1', b'0', 'Ma Yu Ling'),
(183, b'1', b'0', 'Hashimoto Minato'),
(184, b'1', b'0', 'Nakajima Tsubasa'),
(185, b'1', b'0', 'Lok Chun Yu'),
(186, b'1', b'0', 'Frank Chavez'),
(187, b'1', b'0', 'Sean Schmidt'),
(188, b'1', b'0', 'Tang Rui'),
(189, b'1', b'0', 'Hu Jialun'),
(190, b'1', b'0', 'Du Zhiyuan'),
(191, b'1', b'0', 'Ren Zhennan'),
(192, b'1', b'0', 'Shimizu Daisuke'),
(193, b'1', b'0', 'Otsuka Kenta'),
(194, b'1', b'0', 'Tanaka Kaito'),
(195, b'1', b'0', 'Zou Ziyi'),
(196, b'1', b'0', 'Yamazaki Daisuke'),
(197, b'1', b'0', 'Chow Sze Yu'),
(198, b'1', b'0', 'Yuen Ting Fung'),
(199, b'1', b'0', 'Ono Aoshi'),
(200, b'1', b'0', 'Wong Kwok Ming'),
(201, b'1', b'0', 'Ichikawa Kaito'),
(202, b'1', b'0', 'Sakurai Mio'),
(203, b'1', b'0', 'Sugiyama Sara'),
(204, b'1', b'0', 'Kikuchi Hikari'),
(205, b'1', b'0', 'Jason Hill'),
(206, b'1', b'0', 'Han Jialun'),
(207, b'1', b'0', 'Liao Xiaoming'),
(208, b'1', b'0', 'Kwok Chiu Wai'),
(209, b'1', b'0', 'Wang Yunxi'),
(210, b'1', b'0', 'Joel Clark'),
(211, b'1', b'0', 'Chang Ka Ling'),
(212, b'1', b'0', 'Kaneko Hana'),
(213, b'1', b'0', 'Florence Owens'),
(214, b'1', b'0', 'Sean Cooper'),
(215, b'1', b'0', 'Pang Lai Yan'),
(216, b'1', b'0', 'Li Lu'),
(217, b'1', b'0', 'Lok Ling Ling'),
(218, b'1', b'0', 'Ichikawa Aoshi'),
(219, b'1', b'0', 'Sarah Garza'),
(220, b'1', b'0', 'Otsuka Minato'),
(221, b'1', b'0', 'Mak Ming'),
(222, b'1', b'0', 'Matsuda Aoi'),
(223, b'1', b'0', 'Chang Anqi'),
(224, b'1', b'0', 'Xie Lu'),
(225, b'1', b'0', 'Fujii Aoi'),
(226, b'1', b'0', 'Jesse Roberts'),
(227, b'1', b'0', 'Sugiyama Takuya'),
(228, b'1', b'0', 'Sugiyama Momoka'),
(229, b'1', b'0', 'Yue Lai Yan'),
(230, b'1', b'0', 'Kwok Fu Shing'),
(231, b'1', b'0', 'Uchida Eita'),
(232, b'1', b'0', 'Man Chi Ming'),
(233, b'1', b'0', 'Yue Ching Wan'),
(234, b'1', b'0', 'Fukuda Aoi'),
(235, b'1', b'0', 'Goto Ren'),
(236, b'1', b'0', 'Inoue Shino'),
(237, b'1', b'0', 'Mary Murphy'),
(238, b'1', b'0', 'Uchida Sakura'),
(239, b'1', b'0', 'Chan Wai San'),
(240, b'1', b'0', 'Jane Chen'),
(241, b'1', b'0', 'Kaneko Hikari'),
(242, b'1', b'0', 'Henry Phillips'),
(243, b'1', b'0', 'Yan Jialun'),
(244, b'1', b'0', 'Yamaguchi Nanami'),
(245, b'1', b'0', 'Cho Ka Fai'),
(246, b'1', b'0', 'Hara Yamato'),
(247, b'1', b'0', 'Lee Kwok Yin'),
(248, b'1', b'0', 'Qiu Rui'),
(249, b'1', b'0', 'Hayashi Yota'),
(250, b'1', b'0', 'Vincent Morgan'),
(251, b'1', b'0', 'Nakagawa Yamato'),
(252, b'1', b'0', 'Ichikawa Takuya'),
(253, b'1', b'0', 'Siu Kwok Kuen'),
(254, b'1', b'0', 'Nomura Itsuki'),
(255, b'1', b'0', 'Matsuda Hikari'),
(256, b'1', b'0', 'Sean Munoz'),
(257, b'1', b'0', 'Nakayama Ayano'),
(258, b'1', b'0', 'Maeda Itsuki'),
(259, b'1', b'0', 'Kono Yuto'),
(260, b'1', b'0', 'Au Ming Sze'),
(261, b'1', b'0', 'Bonnie Castillo'),
(262, b'1', b'0', 'Kojima Yuna'),
(263, b'1', b'0', 'Uchida Momoka'),
(264, b'1', b'0', 'Brian Murphy'),
(265, b'1', b'0', 'Yamamoto Miu'),
(266, b'1', b'0', 'Siu Ho Yin'),
(267, b'1', b'0', 'Mo Xiuying'),
(268, b'1', b'0', 'Loui Wai Han'),
(269, b'1', b'0', 'Hayashi Ayano'),
(270, b'1', b'0', 'Ashley Smith'),
(271, b'1', b'0', 'Theodore Gardner'),
(272, b'1', b'0', 'Charles Patel'),
(273, b'1', b'0', 'Nakayama Mitsuki'),
(274, b'1', b'0', 'Linda Alexander'),
(275, b'1', b'0', 'Lee Hamilton'),
(276, b'1', b'0', 'Deng Jiehong'),
(277, b'1', b'0', 'Leung Fat'),
(278, b'1', b'0', 'Zhao Shihan'),
(279, b'1', b'0', 'Yin Ka Keung'),
(280, b'1', b'0', 'Donald Ramos'),
(281, b'1', b'0', 'Katherine Castro'),
(282, b'1', b'0', 'Sasaki Momoka'),
(283, b'1', b'0', 'Lam Wai Man'),
(284, b'1', b'0', 'Lois Lee'),
(285, b'1', b'0', 'Kam Ka Keung'),
(286, b'1', b'0', 'Iwasaki Itsuki'),
(287, b'1', b'0', 'Fung Wai Man'),
(288, b'1', b'0', 'Yamaguchi Seiko'),
(289, b'1', b'0', 'Meng On Na'),
(290, b'1', b'0', 'Miura Momoe'),
(291, b'1', b'0', 'Hung Wing Fat'),
(292, b'1', b'0', 'Yamaguchi Miu'),
(293, b'1', b'0', 'Shibata Airi'),
(294, b'1', b'0', 'Ikeda Ikki'),
(295, b'1', b'0', 'Lok Wai Han'),
(296, b'1', b'0', 'Alexander Hawkins'),
(297, b'1', b'0', 'Kathy Gomez'),
(298, b'1', b'0', 'Kudo Aoi'),
(299, b'1', b'0', 'Yung Sze Kwan'),
(300, b'1', b'0', 'Siu Chieh Lun'),
(301, b'1', b'0', 'Joanne Mendoza'),
(302, b'1', b'0', 'Lok Ming Sze'),
(303, b'1', b'0', 'Harold Murray'),
(304, b'1', b'0', 'Lok Ka Man'),
(305, b'1', b'0', 'Manuel Wagner'),
(306, b'1', b'0', 'Du Xiuying'),
(307, b'1', b'0', 'Yuen Chieh Lun'),
(308, b'1', b'0', 'Yuen Wing Sze'),
(309, b'1', b'0', 'Saito Nanami'),
(310, b'1', b'0', 'Hung Kar Yan'),
(311, b'1', b'0', 'Joe Fox'),
(312, b'1', b'0', 'Tong Sai Wing'),
(313, b'1', b'0', 'Tsang Wing Kuen'),
(314, b'1', b'0', 'Pan Lu'),
(315, b'1', b'0', 'Mo Ka Fai'),
(316, b'1', b'0', 'Manuel Ryan'),
(317, b'1', b'0', 'Julie Smith'),
(318, b'1', b'0', 'Kwong Wing Kuen'),
(319, b'1', b'0', 'Yam Ting Fung'),
(320, b'1', b'0', 'Connie Hughes'),
(321, b'1', b'0', 'Tang Yunxi'),
(322, b'1', b'0', 'Larry Rodriguez'),
(323, b'1', b'0', 'Du Jialun'),
(324, b'1', b'0', 'Matsuda Kaito'),
(325, b'1', b'0', 'Dennis Cooper'),
(326, b'1', b'0', 'Uchida Kasumi'),
(327, b'1', b'0', 'Wu Sze Kwan'),
(328, b'1', b'0', 'Man Ka Fai'),
(329, b'1', b'0', 'Uchida Hikaru'),
(330, b'1', b'0', 'Takeda Sara'),
(331, b'1', b'0', 'Xie Jiehong'),
(332, b'1', b'0', 'Laura Kelly'),
(333, b'1', b'0', 'Sakai Akina'),
(334, b'1', b'0', 'Ren Zhennan'),
(335, b'1', b'0', 'Kwan Tin Lok'),
(336, b'1', b'0', 'Doris Mcdonald'),
(337, b'1', b'0', 'Yeung Chi Yuen'),
(338, b'1', b'0', 'Jiang Xiuying'),
(339, b'1', b'0', 'Lee Kwok Ming'),
(340, b'1', b'0', 'Yu Rui'),
(341, b'1', b'0', 'Lok Wing Fat'),
(342, b'1', b'0', 'Takahashi Kaito'),
(343, b'1', b'0', 'Mori Aoi'),
(344, b'1', b'0', 'Yamazaki Sara'),
(345, b'1', b'0', 'Lawrence Gardner'),
(346, b'1', b'0', 'Ng Hui Mei'),
(347, b'1', b'0', 'Ogawa Rin'),
(348, b'1', b'0', 'Anne Adams'),
(349, b'1', b'0', 'Hou Zhiyuan'),
(350, b'1', b'0', 'Wang Yuning'),
(351, b'1', b'0', 'Gary Spencer'),
(352, b'1', b'0', 'Janice Flores'),
(353, b'1', b'0', 'Tam Hui Mei'),
(354, b'1', b'0', 'Marcus Perry'),
(355, b'1', b'0', 'Qiu Lu'),
(356, b'1', b'0', 'Nakamori Mio'),
(357, b'1', b'0', 'Han Zitao'),
(358, b'1', b'0', 'Luo Yunxi'),
(359, b'1', b'0', 'Michael Rogers'),
(360, b'1', b'0', 'Lee Ka Ming'),
(361, b'1', b'0', 'Diane Stewart'),
(362, b'1', b'0', 'Ikeda Hazuki'),
(363, b'1', b'0', 'Ota Mitsuki'),
(364, b'1', b'0', 'Eva Hunt'),
(365, b'1', b'0', 'Mui Sum Wing'),
(366, b'1', b'0', 'Mak Kwok Yin'),
(367, b'1', b'0', 'Cheng Lai Yan'),
(368, b'1', b'0', 'Matsui Rena'),
(369, b'1', b'0', 'Jamie Wallace'),
(370, b'1', b'0', 'Rhonda Nguyen'),
(371, b'1', b'0', 'Lok Cho Yee'),
(372, b'1', b'0', 'Irene Aguilar'),
(373, b'1', b'0', 'Michael Rice'),
(374, b'1', b'0', 'He Jialun'),
(375, b'1', b'0', 'Fong Tsz Hin'),
(376, b'1', b'0', 'Steven Reynolds'),
(377, b'1', b'0', 'Tang Yuning'),
(378, b'1', b'0', 'Kong Yunxi'),
(379, b'1', b'0', 'Tse Sau Man'),
(380, b'1', b'0', 'Takahashi Ayato'),
(381, b'1', b'0', 'Ti Suk Yee'),
(382, b'1', b'0', 'Yuen Chung Yin'),
(383, b'1', b'0', 'Kondo Akina'),
(384, b'1', b'0', 'Miguel Daniels'),
(385, b'1', b'0', 'Jane Jones'),
(386, b'1', b'0', 'Yokoyama Sakura'),
(387, b'1', b'0', 'Steve Ruiz'),
(388, b'1', b'0', 'Antonio Patel'),
(389, b'1', b'0', 'Li Zhennan'),
(390, b'1', b'0', 'Tanaka Yuto'),
(391, b'1', b'0', 'Shannon Robertson'),
(392, b'1', b'0', 'Chic Kwok Wing'),
(393, b'1', b'0', 'Tian Anqi'),
(394, b'1', b'0', 'Yamada Airi'),
(395, b'1', b'0', 'Carl Anderson'),
(396, b'1', b'0', 'Ota Kasumi'),
(397, b'1', b'0', 'Pan Anqi'),
(398, b'1', b'0', 'Ma Ling Ling'),
(399, b'1', b'0', 'Kudo Hina'),
(400, b'1', b'0', 'Sean Collins'),
(401, b'1', b'0', 'Nakagawa Momoe'),
(402, b'1', b'0', 'Hasegawa Itsuki'),
(403, b'1', b'0', 'So Tsz Hin'),
(404, b'1', b'0', 'Jia Anqi'),
(405, b'1', b'0', 'Chic Sum Wing'),
(406, b'1', b'0', 'Philip Davis'),
(407, b'1', b'0', 'Kojima Tsubasa'),
(408, b'1', b'0', 'Lo Chiu Wai'),
(409, b'1', b'0', 'Koyama Yota'),
(410, b'1', b'0', 'Tan Xiuying'),
(411, b'1', b'0', 'Guo Rui'),
(412, b'1', b'0', 'Qiu Zitao'),
(413, b'1', b'0', 'Chung Ka Man'),
(414, b'1', b'0', 'Otsuka Momoka'),
(415, b'1', b'0', 'Fong Wai San'),
(416, b'1', b'0', 'Judy Fox'),
(417, b'1', b'0', 'Huang Xiaoming'),
(418, b'1', b'0', 'Chen Jialun'),
(419, b'1', b'0', 'Wong Suk Yee'),
(420, b'1', b'0', 'Yamamoto Hina'),
(421, b'1', b'0', 'Lui Yu Ling'),
(422, b'1', b'0', 'Shawn Cox'),
(423, b'1', b'0', 'Lisa Howard'),
(424, b'1', b'0', 'Ando Hina'),
(425, b'1', b'0', 'Wu Wai Man'),
(426, b'1', b'0', 'Long Shihan'),
(427, b'1', b'0', 'Tang Lan'),
(428, b'1', b'0', 'Ma Lik Sun'),
(429, b'1', b'0', 'Joyce Miller'),
(430, b'1', b'0', 'Tanaka Itsuki'),
(431, b'1', b'0', 'Jeffery Nguyen'),
(432, b'1', b'0', 'Wendy Chen'),
(433, b'1', b'0', 'Sugiyama Airi'),
(434, b'1', b'0', 'Kwok On Kay'),
(435, b'1', b'0', 'Nishimura Ayato'),
(436, b'1', b'0', 'Sato Yuito'),
(437, b'1', b'0', 'Ryan Fisher'),
(438, b'1', b'0', 'Yip Siu Wai'),
(439, b'1', b'0', 'Xu Shihan'),
(440, b'1', b'0', 'Peng Yuning'),
(441, b'1', b'0', 'Hui Sau Man'),
(442, b'1', b'0', 'Abe Daichi'),
(443, b'1', b'0', 'Fujii Yota'),
(444, b'1', b'0', 'Rose Wood'),
(445, b'1', b'0', 'Xiao Anqi'),
(446, b'1', b'0', 'Mui Fat'),
(447, b'1', b'0', 'Lok Sai Wing'),
(448, b'1', b'0', 'Nakamori Hikaru'),
(449, b'1', b'0', 'Mui Ming'),
(450, b'1', b'0', 'Cai Shihan'),
(451, b'1', b'0', 'Ren Zhennan'),
(452, b'1', b'0', 'Jin Ziyi'),
(453, b'1', b'0', 'Takada Akina'),
(454, b'1', b'0', 'Guo Zitao'),
(455, b'1', b'0', 'Lu Xiaoming'),
(456, b'1', b'0', 'Pak Lik Sun'),
(457, b'1', b'0', 'Liu Yunxi'),
(458, b'1', b'0', 'Zhong Zhennan'),
(459, b'1', b'0', 'Randall Freeman'),
(460, b'1', b'0', 'Gao Anqi'),
(461, b'1', b'0', 'Fujiwara Kazuma'),
(462, b'1', b'0', 'Cao Shihan'),
(463, b'1', b'0', 'John Morales'),
(464, b'1', b'0', 'Murata Minato'),
(465, b'1', b'0', 'Siu Wing Sze'),
(466, b'1', b'0', 'Sugawara Riku'),
(467, b'1', b'0', 'Wu Zhiyuan'),
(468, b'1', b'0', 'He Yunxi'),
(469, b'1', b'0', 'Shirley Phillips'),
(470, b'1', b'0', 'Ikeda Mio'),
(471, b'1', b'0', 'Takahashi Airi'),
(472, b'1', b'0', 'Yung Ka Man'),
(473, b'1', b'0', 'Miyazaki Riku'),
(474, b'1', b'0', 'Fung Ka Man'),
(475, b'1', b'0', 'Victor Owens'),
(476, b'1', b'0', 'Ueda Shino'),
(477, b'1', b'0', 'Jeffrey Jackson'),
(478, b'1', b'0', 'Fang Rui'),
(479, b'1', b'0', 'Francisco Coleman'),
(480, b'1', b'0', 'Yuen Wai Man'),
(481, b'1', b'0', 'Micheal Chen'),
(482, b'1', b'0', 'Siu Tsz Hin'),
(483, b'1', b'0', 'Ku Cho Yee'),
(484, b'1', b'0', 'Kato Yamato'),
(485, b'1', b'0', 'Liu Xiuying'),
(486, b'1', b'0', 'Miura Aoshi'),
(487, b'1', b'0', 'Li Ziyi'),
(488, b'1', b'0', 'Lai Tak Wah'),
(489, b'1', b'0', 'Diane Washington'),
(490, b'1', b'0', 'Koon Fu Shing'),
(491, b'1', b'0', 'Chow Suk Yee'),
(492, b'1', b'0', 'Chin Cho Yee'),
(493, b'1', b'0', 'Hara Seiko'),
(494, b'1', b'0', 'Ralph Sanders'),
(495, b'1', b'0', 'Leung Fu Shing'),
(496, b'1', b'0', 'Yamamoto Shino'),
(497, b'1', b'0', 'Tao Kwok Kuen'),
(498, b'1', b'0', 'Luis Marshall'),
(499, b'1', b'0', 'Matsumoto Itsuki'),
(500, b'1', b'0', 'Ito Ren'),
(501, b'1', b'0', 'Donald Holmes'),
(502, b'1', b'0', 'Miu Tak Wah'),
(503, b'1', b'0', 'Bernard Diaz'),
(504, b'1', b'0', 'Lai Fu Shing'),
(505, b'1', b'0', 'Roger White'),
(506, b'1', b'0', 'Jin Jialun'),
(507, b'1', b'0', 'Zou Jialun'),
(508, b'1', b'0', 'Wang Lu'),
(509, b'1', b'0', 'Miura Takuya'),
(510, b'1', b'0', 'Jonathan Davis'),
(511, b'1', b'0', 'Ye Zhiyuan'),
(512, b'1', b'0', 'Dai Zitao'),
(513, b'1', b'0', 'Robert Torres'),
(514, b'1', b'0', 'Jacqueline Bell'),
(515, b'1', b'0', 'Ono Misaki'),
(516, b'1', b'0', 'Fan Shihan'),
(517, b'1', b'0', 'Sakai Aoi'),
(518, b'1', b'0', 'Xie Shihan'),
(519, b'1', b'0', 'Matthew Moore'),
(520, b'1', b'0', 'Troy Lopez'),
(521, b'1', b'0', 'Gu Jiehong'),
(522, b'1', b'0', 'Takeda Sakura'),
(523, b'1', b'0', 'Terry Meyer'),
(524, b'1', b'0', 'Sakamoto Hina'),
(525, b'1', b'0', 'Gong Zhiyuan'),
(526, b'1', b'0', 'Martha Salazar'),
(527, b'1', b'0', 'Miura Momoe'),
(528, b'1', b'0', 'Otsuka Sara'),
(529, b'1', b'0', 'Walter Ramirez'),
(530, b'1', b'0', 'Yue Sum Wing'),
(531, b'1', b'0', 'Leung Wai Han'),
(532, b'1', b'0', 'Takada Hana'),
(533, b'1', b'0', 'Hazel Reyes'),
(534, b'1', b'0', 'Ueno Minato'),
(535, b'1', b'0', 'Sato Hana'),
(536, b'1', b'0', 'Ogawa Daichi'),
(537, b'1', b'0', 'Amy Nelson'),
(538, b'1', b'0', 'Nicholas Gordon'),
(539, b'1', b'0', 'Lois Crawford'),
(540, b'1', b'0', 'Du Anqi'),
(541, b'1', b'0', 'Dai Ho Yin'),
(542, b'1', b'0', 'Yuen Cho Yee'),
(543, b'1', b'0', 'Fujii Shino'),
(544, b'1', b'0', 'Samuel Rice'),
(545, b'1', b'0', 'Sasaki Miu'),
(546, b'1', b'0', 'Noguchi Minato'),
(547, b'1', b'0', 'Lau Ching Wan'),
(548, b'1', b'0', 'Fujita Ayato'),
(549, b'1', b'0', 'Ralph Wells'),
(550, b'1', b'0', 'Wei Jiehong'),
(551, b'1', b'0', 'Yin Zitao'),
(552, b'1', b'0', 'Gregory Taylor'),
(553, b'1', b'0', 'Lu Lan'),
(554, b'1', b'0', 'Fujiwara Daisuke'),
(555, b'1', b'0', 'Chiba Mio'),
(556, b'1', b'0', 'Maria Coleman'),
(557, b'1', b'0', 'Alan Rodriguez'),
(558, b'1', b'0', 'Yamaguchi Sara'),
(559, b'1', b'0', 'Amy Hall'),
(560, b'1', b'0', 'Wong Sze Yu'),
(561, b'1', b'0', 'Thelma Kelly'),
(562, b'1', b'0', 'Gloria Wood'),
(563, b'1', b'0', 'Lee Chieh Lun'),
(564, b'1', b'0', 'Jiang Yunxi'),
(565, b'1', b'0', 'Dong Ziyi'),
(566, b'1', b'0', 'Shen Rui'),
(567, b'1', b'0', 'Tam Ka Keung'),
(568, b'1', b'0', 'Sasaki Aoi'),
(569, b'1', b'0', 'Lo Tin Lok'),
(570, b'1', b'0', 'Nakano Kenta'),
(571, b'1', b'0', 'Nicole Johnson'),
(572, b'1', b'0', 'Tam Ka Keung'),
(573, b'1', b'0', 'Han Shihan'),
(574, b'1', b'0', 'Kong Lai Yan'),
(575, b'1', b'0', 'Yuen Tsz Ching'),
(576, b'1', b'0', 'Arimura Misaki'),
(577, b'1', b'0', 'Lei Yunxi'),
(578, b'1', b'0', 'Jacob Torres'),
(579, b'1', b'0', 'Yao Shihan'),
(580, b'1', b'0', 'Liang Lu'),
(581, b'1', b'0', 'John Hall'),
(582, b'1', b'0', 'Zhong Anqi'),
(583, b'1', b'0', 'Xiong Zhennan'),
(584, b'1', b'0', 'Mak Hiu Tung'),
(585, b'1', b'0', 'Tsui Wai Han'),
(586, b'1', b'0', 'Zeng Jialun'),
(587, b'1', b'0', 'Crystal Bennett'),
(588, b'1', b'0', 'Barbara Long'),
(589, b'1', b'0', 'Johnny Payne'),
(590, b'1', b'0', 'Murakami Misaki'),
(591, b'1', b'0', 'Jennifer Parker'),
(592, b'1', b'0', 'Mori Misaki'),
(593, b'1', b'0', 'Tang Zhiyuan'),
(594, b'1', b'0', 'Lee Kwok Yin'),
(595, b'1', b'0', 'Fujita Mio'),
(596, b'1', b'0', 'Liao Hiu Tung'),
(597, b'1', b'0', 'Billy Stephens'),
(598, b'1', b'0', 'Fujita Ryota'),
(599, b'1', b'0', 'Kato Mitsuki'),
(600, b'1', b'0', 'Ti Sze Kwan'),
(601, b'1', b'0', 'So Wai Yee'),
(602, b'1', b'0', 'Fong Ting Fung'),
(603, b'1', b'0', 'Grace Ramirez'),
(604, b'1', b'0', 'Guo Anqi'),
(605, b'1', b'0', 'Ku Chieh Lun'),
(606, b'1', b'0', 'Wendy Gray'),
(607, b'1', b'0', 'Ti Ka Man'),
(608, b'1', b'0', 'Nancy White'),
(609, b'1', b'0', 'Jiang Ziyi'),
(610, b'1', b'0', 'Liu Xiuying'),
(611, b'1', b'0', 'Takagi Eita'),
(612, b'1', b'0', 'Glenn Johnson'),
(613, b'1', b'0', 'Troy Allen'),
(614, b'1', b'0', 'Kong Wai San'),
(615, b'1', b'0', 'Lu Lu'),
(616, b'1', b'0', 'Xiong Yunxi'),
(617, b'1', b'0', 'Abe Aoi'),
(618, b'1', b'0', 'Noguchi Yamato'),
(619, b'1', b'0', 'Wang Jiehong'),
(620, b'1', b'0', 'Jiang Jiehong'),
(621, b'1', b'0', 'Sun Anqi'),
(622, b'1', b'0', 'Takahashi Yuto'),
(623, b'1', b'0', 'Meng Tsz Hin'),
(624, b'1', b'0', 'Hsuan Lik Sun'),
(625, b'1', b'0', 'Zhou Xiaoming'),
(626, b'1', b'0', 'Wang Shihan'),
(627, b'1', b'0', 'Cui Zitao'),
(628, b'1', b'0', 'Kam Wing Sze'),
(629, b'1', b'0', 'Kong Zhiyuan'),
(630, b'1', b'0', 'Mori Shino'),
(631, b'1', b'0', 'Nakajima Daichi'),
(632, b'1', b'0', 'Adam Morris'),
(633, b'1', b'0', 'Marcus Diaz'),
(634, b'1', b'0', 'Fu Xiuying'),
(635, b'1', b'0', 'Gary Rice'),
(636, b'1', b'0', 'Saito Sakura'),
(637, b'1', b'0', 'Lu Ziyi'),
(638, b'1', b'0', 'Yam Ming'),
(639, b'1', b'0', 'Kam Lik Sun'),
(640, b'1', b'0', 'Chang Kar Yan'),
(641, b'1', b'0', 'Yuen Kwok Ming'),
(642, b'1', b'0', 'Mori Yuto'),
(643, b'1', b'0', 'Lin Lan'),
(644, b'1', b'0', 'Wada Hana'),
(645, b'1', b'0', 'Koo Tin Wing'),
(646, b'1', b'0', 'Tao Rui'),
(647, b'1', b'0', 'Yan Jiehong'),
(648, b'1', b'0', 'Patricia Perez'),
(649, b'1', b'0', 'Mori Eita'),
(650, b'1', b'0', 'Fan Kwok Kuen'),
(651, b'1', b'0', 'Yang Lan'),
(652, b'1', b'0', 'Fong Yun Fat'),
(653, b'1', b'0', 'Matsuda Nanami'),
(654, b'1', b'0', 'Tong Sau Man'),
(655, b'1', b'0', 'Annie Thompson'),
(656, b'1', b'0', 'Michelle Cook'),
(657, b'1', b'0', 'Tsui Tin Wing'),
(658, b'1', b'0', 'Tsang Chun Yu'),
(659, b'1', b'0', 'Imai Yuito'),
(660, b'1', b'0', 'Harold Garza'),
(661, b'1', b'0', 'Cheng Yuning'),
(662, b'1', b'0', 'Imai Shino'),
(663, b'1', b'0', 'Ishikawa Ayano'),
(664, b'1', b'0', 'Xu Zhiyuan'),
(665, b'1', b'0', 'Sakai Momoka'),
(666, b'1', b'0', 'Nakajima Tsubasa'),
(667, b'1', b'0', 'Ma Zhennan'),
(668, b'1', b'0', 'Lau Ming Sze'),
(669, b'1', b'0', 'Fong Wai Yee'),
(670, b'1', b'0', 'Mo Lai Yan'),
(671, b'1', b'0', 'April Long'),
(672, b'1', b'0', 'Fu Lu'),
(673, b'1', b'0', 'Lei Xiuying'),
(674, b'1', b'0', 'Zhao Yuning'),
(675, b'1', b'0', 'Guo Lan'),
(676, b'1', b'0', 'Arimura Momoe'),
(677, b'1', b'0', 'Yue Kar Yan'),
(678, b'1', b'0', 'Lok Wing Fat'),
(679, b'1', b'0', 'Cui Xiaoming'),
(680, b'1', b'0', 'Chan Yun Fat'),
(681, b'1', b'0', 'Chiba Ayano'),
(682, b'1', b'0', 'Steven Grant'),
(683, b'1', b'0', 'Grace Ellis'),
(684, b'1', b'0', 'Kono Airi'),
(685, b'1', b'0', 'Lu Shihan'),
(686, b'1', b'0', 'Luo Xiuying'),
(687, b'1', b'0', 'Shimada Itsuki'),
(688, b'1', b'0', 'Xue Yunxi'),
(689, b'1', b'0', 'Yam Kwok Kuen'),
(690, b'1', b'0', 'Wu Ka Fai'),
(691, b'1', b'0', 'Liang Lu'),
(692, b'1', b'0', 'Lillian Soto'),
(693, b'1', b'0', 'Jamie Scott'),
(694, b'1', b'0', 'Cynthia Hamilton'),
(695, b'1', b'0', 'Hirano Hikaru'),
(696, b'1', b'0', 'Ryan Russell'),
(697, b'1', b'0', 'Wendy Ruiz'),
(698, b'1', b'0', 'Yeung Tsz Hin'),
(699, b'1', b'0', 'Inoue Tsubasa'),
(700, b'1', b'0', 'Lei Yuning'),
(701, b'1', b'0', 'Wu Yunxi'),
(702, b'1', b'0', 'Tracy Chavez'),
(703, b'1', b'0', 'Ueno Seiko'),
(704, b'1', b'0', 'Tang Tin Wing'),
(705, b'1', b'0', 'Melvin Mendoza'),
(706, b'1', b'0', 'Matsuda Riku'),
(707, b'1', b'0', 'Jerry Hamilton'),
(708, b'1', b'0', 'Amy Vasquez'),
(709, b'1', b'0', 'Cho Tsz Ching'),
(710, b'1', b'0', 'Jesse Payne'),
(711, b'1', b'0', 'Ishii Shino'),
(712, b'0', b'0', 'Ye Jialun'),
(713, b'1', b'0', 'Wu Jiehong'),
(714, b'1', b'0', 'Chiang Wing Sze'),
(715, b'1', b'0', 'Liao Tin Wing'),
(716, b'1', b'0', 'Mary Parker'),
(717, b'1', b'0', 'Murata Yuto'),
(718, b'1', b'0', 'He Zitao'),
(719, b'1', b'0', 'Xie Zitao'),
(720, b'1', b'0', 'Deng Jiehong'),
(721, b'1', b'0', 'Mike Rose'),
(722, b'1', b'0', 'Ueno Ikki'),
(723, b'1', b'0', 'Tin Ka Keung'),
(724, b'1', b'0', 'Liao Chi Yuen'),
(725, b'1', b'0', 'Todd Wood'),
(726, b'1', b'0', 'Kimura Ikki'),
(727, b'1', b'0', 'Kojima Sakura'),
(728, b'1', b'0', 'Au Wing Sze'),
(729, b'1', b'0', 'Sano Aoshi'),
(730, b'1', b'0', 'Mario Stevens'),
(731, b'1', b'0', 'Sakamoto Kaito'),
(732, b'1', b'0', 'Fung Suk Yee'),
(733, b'1', b'0', 'Bryan Barnes'),
(734, b'1', b'0', 'Charlotte Ferguson'),
(735, b'1', b'0', 'Siu Wing Sze'),
(736, b'1', b'0', 'Qin Lan'),
(737, b'1', b'0', 'Sakurai Kenta'),
(738, b'1', b'0', 'Hsuan Sze Yu'),
(739, b'1', b'0', 'Liao Wing Sze'),
(740, b'1', b'0', 'Ono Sakura'),
(741, b'1', b'0', 'Randall Morales'),
(742, b'1', b'0', 'Jiang Xiaoming'),
(743, b'1', b'0', 'Xie Xiuying'),
(744, b'1', b'0', 'Cheng Ling Ling'),
(745, b'1', b'0', 'Matthew Foster'),
(746, b'1', b'0', 'Tang Wing Suen'),
(747, b'1', b'0', 'Monica Herrera'),
(748, b'1', b'0', 'Chu Tin Wing'),
(749, b'1', b'0', 'Cao Xiuying'),
(750, b'1', b'0', 'Maeda Yuto'),
(751, b'1', b'0', 'Fujiwara Sara'),
(752, b'1', b'0', 'Jin Jialun'),
(753, b'1', b'0', 'Chris Warren'),
(754, b'1', b'0', 'Jesus Harrison'),
(755, b'1', b'0', 'Wanda Vargas'),
(756, b'1', b'0', 'Yamashita Ikki'),
(757, b'1', b'0', 'Fong Chieh Lun'),
(758, b'1', b'0', 'Lu Yuning'),
(759, b'1', b'0', 'Roger Ford'),
(760, b'1', b'0', 'Feng Zhiyuan'),
(761, b'1', b'0', 'Sakamoto Yota'),
(762, b'1', b'0', 'Ito Airi'),
(763, b'1', b'0', 'Matsumoto Ryota'),
(764, b'1', b'0', 'Manuel Gonzales'),
(765, b'1', b'0', 'Xiong Xiuying'),
(766, b'1', b'0', 'Rodney Grant'),
(767, b'1', b'0', 'Jeff Gardner'),
(768, b'1', b'0', 'Janice Rice'),
(769, b'1', b'0', 'Chang Ziyi'),
(770, b'1', b'0', 'Murakami Hina'),
(771, b'1', b'0', 'Koo Ling Ling'),
(772, b'1', b'0', 'Katherine Romero'),
(773, b'1', b'0', 'Xu Jialun'),
(774, b'1', b'0', 'Watanabe Takuya'),
(775, b'1', b'0', 'Debbie Allen'),
(776, b'1', b'0', 'Wong Wing Sze'),
(777, b'1', b'0', 'Kaneko Nanami'),
(778, b'1', b'0', 'Mo Lu'),
(779, b'1', b'0', 'Yung Ming'),
(780, b'1', b'0', 'Kam Lik Sun'),
(781, b'1', b'0', 'Donald Spencer'),
(782, b'1', b'0', 'Kwan Hui Mei'),
(783, b'1', b'0', 'Miu Siu Wai'),
(784, b'1', b'0', 'Kojima Hina'),
(785, b'1', b'0', 'Daniel Harris'),
(786, b'1', b'0', 'Juan Mendez'),
(787, b'1', b'0', 'Zou Xiuying'),
(788, b'1', b'0', 'Shao Anqi'),
(789, b'1', b'0', 'Qin Jiehong'),
(790, b'1', b'0', 'Sugawara Misaki'),
(791, b'1', b'0', 'Cheung Ka Ling'),
(792, b'1', b'0', 'Yamada Yuna'),
(793, b'1', b'0', 'Wong Wing Sze'),
(794, b'1', b'0', 'Harada Yamato'),
(795, b'1', b'0', 'Tse On Na'),
(796, b'1', b'0', 'Thelma Kim'),
(797, b'1', b'0', 'Ito Sara'),
(798, b'1', b'0', 'Yeung Ho Yin'),
(799, b'1', b'0', 'Rose Rose'),
(800, b'1', b'0', 'Kondo Hikaru'),
(801, b'1', b'0', 'Hsuan Kwok Wing'),
(802, b'1', b'0', 'Siu Tsz Ching'),
(803, b'1', b'0', 'Wada Mitsuki'),
(804, b'1', b'0', 'Chad James'),
(805, b'1', b'0', 'Yam On Na'),
(806, b'1', b'0', 'Martha Ferguson'),
(807, b'1', b'0', 'Mo Chieh Lun'),
(808, b'1', b'0', 'Luis Weaver'),
(809, b'1', b'0', 'Chin Kwok Kuen'),
(810, b'1', b'0', 'Kudo Mai'),
(811, b'1', b'0', 'Peter Watson'),
(812, b'1', b'0', 'Yuen Tak Wah'),
(813, b'1', b'0', 'Lu Zhiyuan'),
(814, b'1', b'0', 'Chan Wai Man'),
(815, b'1', b'0', 'Tao Ziyi'),
(816, b'1', b'0', 'Jerry Wright'),
(817, b'1', b'0', 'Tse Kwok Wing'),
(818, b'1', b'0', 'Tang Xiaoming'),
(819, b'1', b'0', 'Wu Xiaoming'),
(820, b'1', b'0', 'Yamazaki Kazuma'),
(821, b'1', b'0', 'Lu Yuning'),
(822, b'1', b'0', 'Tracy Alvarez'),
(823, b'1', b'0', 'Sano Yota'),
(824, b'1', b'0', 'Paula Rodriguez'),
(825, b'1', b'0', 'Ellen Wilson'),
(826, b'1', b'0', 'Micheal Carter'),
(827, b'1', b'0', 'Wanda Schmidt'),
(828, b'1', b'0', 'Ye Xiuying'),
(829, b'1', b'0', 'Endo Kasumi'),
(830, b'1', b'0', 'Watanabe Nanami'),
(831, b'1', b'0', 'Choi On Kay'),
(832, b'1', b'0', 'Wu Ziyi'),
(833, b'1', b'0', 'Takagi Misaki'),
(834, b'1', b'0', 'Fu Siu Wai'),
(835, b'1', b'0', 'Joshua Chavez'),
(836, b'1', b'0', 'Vincent Reynolds'),
(837, b'1', b'0', 'Tang Ka Ming'),
(838, b'1', b'0', 'Tong Chun Yu'),
(839, b'1', b'0', 'Tao Xiuying'),
(840, b'1', b'0', 'Lam Tak Wah'),
(841, b'1', b'0', 'Chad Stevens'),
(842, b'1', b'0', 'Wada Daisuke'),
(843, b'1', b'0', 'Jonathan Richardson'),
(844, b'1', b'0', 'Scott Wilson'),
(845, b'1', b'0', 'Lu Zhennan'),
(846, b'1', b'0', 'Jeffery White'),
(847, b'1', b'0', 'Jiang Shihan'),
(848, b'1', b'0', 'Fu Zhennan'),
(849, b'1', b'0', 'Matsuda Shino'),
(850, b'1', b'0', 'Phillip Sanders'),
(851, b'1', b'0', 'Angela Gardner'),
(852, b'1', b'0', 'Chung Ting Fung'),
(853, b'1', b'0', 'Yoshida Minato'),
(854, b'1', b'0', 'Peggy Fisher'),
(855, b'1', b'0', 'Margaret Miller'),
(856, b'1', b'0', 'Sano Takuya'),
(857, b'1', b'0', 'Yeung Ka Ling'),
(858, b'1', b'0', 'Janice Washington'),
(859, b'1', b'0', 'Long Jiehong'),
(860, b'1', b'0', 'Maeda Hikaru'),
(861, b'1', b'0', 'Yao Shihan'),
(862, b'1', b'0', 'Ye Jialun'),
(863, b'1', b'0', 'Loui Ka Ming'),
(864, b'1', b'0', 'Miyamoto Ayano'),
(865, b'1', b'0', 'Heung Sum Wing'),
(866, b'1', b'0', 'He Lu'),
(867, b'1', b'0', 'Carol Gardner'),
(868, b'1', b'0', 'Koo Tin Lok'),
(869, b'1', b'0', 'Wong Ka Man'),
(870, b'1', b'0', 'Yamashita Hazuki'),
(871, b'1', b'0', 'Yuen Wing Sze'),
(872, b'1', b'0', 'Matsumoto Eita'),
(873, b'1', b'0', 'Eric Romero'),
(874, b'1', b'0', 'Yam Kwok Ming'),
(875, b'1', b'0', 'Fujiwara Daisuke'),
(876, b'1', b'0', 'Martha Dunn'),
(877, b'1', b'0', 'Carlos Jimenez'),
(878, b'1', b'0', 'Luis Myers'),
(879, b'1', b'0', 'Kobayashi Yuito'),
(880, b'1', b'0', 'Carrie Sullivan'),
(881, b'1', b'0', 'Jiang Lan'),
(882, b'1', b'0', 'Adam Gibson'),
(883, b'1', b'0', 'Kam Kar Yan'),
(884, b'1', b'0', 'Hsuan Wai Man'),
(885, b'1', b'0', 'Kong Sum Wing'),
(886, b'1', b'0', 'Yuan Shihan'),
(887, b'1', b'0', 'Ogawa Kaito'),
(888, b'1', b'0', 'Dai Ka Keung'),
(889, b'1', b'0', 'Sit Ka Keung'),
(890, b'1', b'0', 'Fan Shihan'),
(891, b'1', b'0', 'Zhao Xiaoming'),
(892, b'1', b'0', 'Clarence Castro'),
(893, b'1', b'0', 'Kimberly Robinson'),
(894, b'1', b'0', 'Benjamin Long'),
(895, b'1', b'0', 'Sasaki Mio'),
(896, b'1', b'0', 'Martin Wells'),
(897, b'1', b'0', 'Rose Garza'),
(898, b'1', b'0', 'Jin Yuning'),
(899, b'1', b'0', 'Aaron Kelly'),
(900, b'1', b'0', 'Sheila Chavez'),
(901, b'1', b'0', 'Xiang Zhiyuan'),
(902, b'1', b'0', 'Ying Wing Sze'),
(903, b'1', b'0', 'Adam Roberts'),
(904, b'1', b'0', 'Liao Lu'),
(905, b'1', b'0', 'Melissa Fernandez'),
(906, b'1', b'0', 'Nomura Kenta'),
(907, b'1', b'0', 'Joseph Kim'),
(908, b'1', b'0', 'Jiang Anqi'),
(909, b'1', b'0', 'Wei Ziyi'),
(910, b'1', b'0', 'Yan Xiuying'),
(911, b'1', b'0', 'Kam Fu Shing'),
(912, b'1', b'0', 'Noguchi Minato'),
(913, b'1', b'0', 'Phillip Roberts'),
(914, b'1', b'0', 'Jeff Griffin'),
(915, b'1', b'0', 'Sakai Kaito'),
(916, b'1', b'0', 'Fong Yu Ling'),
(917, b'1', b'0', 'Mori Mitsuki'),
(918, b'1', b'0', 'Joanne Rice'),
(919, b'1', b'0', 'Hou Shihan'),
(920, b'1', b'0', 'Ng Wing Sze'),
(921, b'1', b'0', 'Joshua Lopez'),
(922, b'1', b'0', 'Kojima Yota'),
(923, b'1', b'0', 'Micheal Burns'),
(924, b'1', b'0', 'Yao Jialun'),
(925, b'1', b'0', 'Yue Wing Sze'),
(926, b'1', b'0', 'Yeow Ka Fai'),
(927, b'1', b'0', 'Curtis Rose'),
(928, b'1', b'0', 'Tsui Tin Wing'),
(929, b'1', b'0', 'Lok Ho Yin'),
(930, b'1', b'0', 'Mori Kasumi'),
(931, b'1', b'0', 'Philip Meyer'),
(932, b'1', b'0', 'Okada Yuna'),
(933, b'1', b'0', 'Bernard Lopez'),
(934, b'1', b'0', 'Yuen Wing Sze'),
(935, b'1', b'0', 'Nakagawa Seiko'),
(936, b'1', b'0', 'Jin Yunxi'),
(937, b'1', b'0', 'Yang Yunxi'),
(938, b'1', b'0', 'Cheryl Reed'),
(939, b'1', b'0', 'Clifford Flores'),
(940, b'1', b'0', 'Tanaka Sakura'),
(941, b'1', b'0', 'Kobayashi Yamato'),
(942, b'1', b'0', 'Curtis Adams'),
(943, b'1', b'0', 'Yeow Sai Wing'),
(944, b'1', b'0', 'Travis Bailey'),
(945, b'1', b'0', 'Shi Rui'),
(946, b'1', b'0', 'Chiba Minato'),
(947, b'1', b'0', 'Miyazaki Seiko'),
(948, b'1', b'0', 'Chic Fu Shing'),
(949, b'1', b'0', 'Fujita Hikaru'),
(950, b'1', b'0', 'Yao Zhiyuan'),
(951, b'1', b'0', 'Bonnie Ramirez'),
(952, b'1', b'0', 'Denise Robertson'),
(953, b'1', b'0', 'Yamaguchi Minato'),
(954, b'1', b'0', 'Hsuan Sze Kwan'),
(955, b'1', b'0', 'Wang Ziyi'),
(956, b'1', b'0', 'Dai Lu'),
(957, b'1', b'0', 'Tan Jialun'),
(958, b'1', b'0', 'Che Wing Fat'),
(959, b'1', b'0', 'To Ching Wan'),
(960, b'1', b'0', 'Luo Zitao'),
(961, b'1', b'0', 'Abe Sara'),
(962, b'1', b'0', 'Kudo Riku'),
(963, b'1', b'0', 'Yeung Sze Kwan'),
(964, b'1', b'0', 'Otsuka Kazuma'),
(965, b'1', b'0', 'Ray Aguilar'),
(966, b'1', b'0', 'Gloria Wagner'),
(967, b'1', b'0', 'Feng Xiaoming'),
(968, b'1', b'0', 'Suzuki Minato'),
(969, b'1', b'0', 'Mori Aoshi'),
(970, b'1', b'0', 'Diane Stevens'),
(971, b'1', b'0', 'Feng Yunxi'),
(972, b'1', b'0', 'Danielle Evans'),
(973, b'1', b'0', 'Tan Anqi'),
(974, b'1', b'0', 'Takada Rena'),
(975, b'1', b'0', 'Anita Barnes'),
(976, b'1', b'0', 'Ding Shihan'),
(977, b'1', b'0', 'Alan Bell'),
(978, b'1', b'0', 'Joseph Martin'),
(979, b'1', b'0', 'Antonio Daniels'),
(980, b'1', b'0', 'Kwong Ming'),
(981, b'1', b'0', 'Danny Black'),
(982, b'1', b'0', 'Lo Fat'),
(983, b'1', b'0', 'Donna Ramos'),
(984, b'1', b'0', 'Luis Salazar'),
(985, b'1', b'0', 'Pang Hiu Tung'),
(986, b'1', b'0', 'Billy Marshall'),
(987, b'1', b'0', 'Yuen Hui Mei'),
(988, b'1', b'0', 'Chin Tsz Ching'),
(989, b'1', b'0', 'Nancy Marshall'),
(990, b'1', b'0', 'Chen Rui'),
(991, b'1', b'0', 'Chin Tsz Hin'),
(992, b'1', b'0', 'Yeow Fat'),
(993, b'1', b'0', 'Anna Johnson'),
(994, b'1', b'0', 'Chiba Rena'),
(995, b'1', b'0', 'Xia Jiehong'),
(996, b'1', b'0', 'Kinoshita Kazuma'),
(997, b'1', b'0', 'Yu Lan'),
(998, b'1', b'0', 'Gao Yunxi'),
(999, b'1', b'0', 'Au Tsz Hin'),
(1000, b'1', b'0', 'Tang Yunxi');

-- --------------------------------------------------------

--
-- Cấu trúc bảng cho bảng `customer`
--

CREATE TABLE `customer` (
  `id` bigint(20) NOT NULL,
  `address` varchar(255) DEFAULT NULL,
  `email` bigint(20) DEFAULT NULL,
  `full_name` varchar(255) DEFAULT NULL,
  `id_address` bigint(20) DEFAULT NULL,
  `is_delete` bit(1) DEFAULT NULL,
  `phone` bigint(20) DEFAULT NULL
) ENGINE=InnoDB DEFAULT CHARSET=utf8mb4;

--
-- Đang đổ dữ liệu cho bảng `customer`
--

INSERT INTO `customer` (`id`, `address`, `email`, `full_name`, `id_address`, `is_delete`, `phone`) VALUES
(1, '2-1-20 Kaminopporo 1 Jo, Atsubetsu Ward', 452, 'Kam Ming Sze', 937, b'0', 483),
(2, '461 Broadway', 383, 'Shen Yunxi', 37, b'0', 654),
(3, '182 Lower Temple Street', 130, 'Iwasaki Rena', 117, b'0', 300),
(4, '676 East Alley', 996, 'Su Yuning', 620, b'0', 6),
(5, '352 39 William IV St, Charing Cross', 297, 'Sugawara Nanami', 667, b'0', 233),
(6, '2-1-14 Kaminopporo 1 Jo, Atsubetsu Ward', 153, 'Barry Gonzalez', 486, b'0', 31),
(7, '43 Abingdon Rd, Cumnor', 39, 'Julie Rivera', 81, b'0', 403),
(8, '304 East Wangfujing Street, Dongcheng District ', 853, 'Taniguchi Miu', 739, b'0', 511),
(9, '414 Alameda Street', 606, 'Liao Sum Wing', 80, b'0', 656),
(10, '616 Hongqiao Rd., Xu Hui District', 691, 'Norman Hawkins', 33, b'0', 669),
(11, '376 Redfern St', 219, 'Pan Zitao', 167, b'0', 582),
(12, '522 Cyril St, Braunstone Town', 221, 'Chin Tak Wah', 673, b'0', 19),
(13, '782 East Cooke Road', 511, 'Jennifer Owens', 596, b'0', 645),
(14, '491 Huaxia St, Jinghua Shangquan', 800, 'Wong Sum Wing', 698, b'0', 276),
(15, '486 Hinckley Rd', 38, 'Wu Shihan', 856, b'0', 195),
(16, '117 Hanover Street', 197, 'Yan Xiuying', 386, b'0', 74),
(17, '319 Yueliu Rd, Fangshan District', 505, 'Anita Henderson', 786, b'0', 478),
(18, '798 Tianbei 1st Rd, Luohu District', 595, 'Yau On Na', 38, b'0', 418),
(19, '5-2-20 Kikusui 3 Jo, Shiroishi Ward', 650, 'Takeuchi Sara', 375, b'0', 230),
(20, '806 Middle Huaihai Road, Huangpu District', 480, 'Cao Shihan', 347, b'0', 853),
(21, '9 4-20 Kawagishicho, Mizuho Ward', 456, 'Wu Xiaoming', 56, b'0', 659),
(22, '480 Central Avenue', 487, 'Hashimoto Mio', 566, b'0', 586),
(23, '460 West Houston Street', 362, 'Nakagawa Ryota', 161, b'0', 994),
(24, '124 Shanhu Rd', 924, 'Arai Sakura', 258, b'0', 725),
(25, '796 Jiangnan West Road, Haizhu District', 299, 'Nakagawa Daisuke', 287, b'0', 894),
(26, '5-4-13 Kikusui 3 Jo, Shiroishi Ward,', 930, 'Matsui Seiko', 592, b'0', 115),
(27, '19 3-803 Kusunokiajima, Kita Ward', 405, 'Ding Lu', 720, b'0', 215),
(28, '164 New Wakefield St', 406, 'Dai Ziyi', 892, b'0', 189),
(29, '860 Lower Temple Street', 572, 'Hu Yuning', 694, b'0', 38),
(30, '499 East Alley', 905, 'Nakajima Kaito', 702, b'0', 543),
(31, '1 Stephenson Street', 116, 'Wan Ka Fai', 998, b'0', 148),
(32, '3-19-18 Shimizu, Kita Ward', 915, 'Takada Hana', 196, b'0', 698),
(33, '1-1-6 Deshiro, Nishinari Ward', 946, 'Liu Zitao', 37, b'0', 600),
(34, '840 Sky Way', 113, 'Ho Wing Sze', 501, b'0', 334),
(35, '924 S Broadway', 783, 'Yu Anqi', 462, b'0', 995),
(36, '290 East Cooke Road', 326, 'Alice Payne', 677, b'0', 897),
(37, '11 4-20 Kawagishicho, Mizuho Ward', 430, 'Matsumoto Sara', 144, b'0', 908),
(38, '368 Xue Yuan Yi Xiang, Longgang', 933, 'Tin Yun Fat', 435, b'0', 359),
(39, '136 Grape Street', 331, 'Jesus Foster', 937, b'0', 306),
(40, '627 Binchuan Rd, Minhang District', 351, 'Willie Ramos', 819, b'0', 415),
(41, '1-6-14, Marunouchi, Chiyoda-ku', 446, 'Sugawara Momoka', 153, b'0', 581),
(42, '902 Park End St', 666, 'Eric Gutierrez', 572, b'0', 564),
(43, '687 Wyngate Dr', 870, 'Fu Xiuying', 513, b'0', 63),
(44, '747 Shennan Ave, Futian District', 510, 'Cheng Kwok Wing', 973, b'0', 619),
(45, '852 Riverview Road', 563, 'Lucille Patterson', 666, b'0', 253),
(46, '42 Canal Street', 159, 'Lui Tin Lok', 910, b'0', 423),
(47, '1-7-16 Saidaiji Akodacho', 787, 'Shing Fat', 405, b'0', 925),
(48, '4 Flatbush Ave', 119, 'Tang Ziyi', 130, b'0', 747),
(49, '369 Shennan Ave, Futian District', 497, 'Frederick Alexander', 521, b'0', 438),
(50, '1-5-15, Higashi-Shimbashi, Minato-ku', 879, 'Abe Hana', 483, b'0', 959),
(51, '361 Nostrand Ave', 405, 'Mori Mai', 68, b'0', 244),
(52, '588 Shennan Ave, Futian District', 50, 'Bernard Bennett', 247, b'0', 291),
(53, '477 Trafalgar Square, Charing Cross', 113, 'Guo Xiaoming', 357, b'0', 110),
(54, '406 68 Qinghe Middle St, Haidian District', 524, 'Xue Xiaoming', 979, b'0', 301),
(55, 'No.530, Dongsan Road, Erxianqiao, Chenghua District', 100, 'Siu Sze Kwan', 692, b'0', 672),
(56, '998 Fifth Avenue', 399, 'Xiong Rui', 912, b'0', 41),
(57, '350 Central Avenue', 19, 'Lee Kar Yan', 346, b'0', 18),
(58, '150 S Broadway', 1000, 'Sugiyama Nanami', 22, b'0', 795),
(59, '803 S Broadway', 92, 'Fukuda Shino', 845, b'0', 812),
(60, '825 Edward Ave, Braunstone Town', 927, 'Hsuan Sum Wing', 104, b'0', 159),
(61, '2-5-4 Chitose, Atsuta Ward', 582, 'Bobby Vasquez', 935, b'0', 182),
(62, '786 Jianxiang Rd, Pudong', 230, 'Tao Wing Sze', 27, b'0', 750),
(63, '3-9-3 Gakuenminami', 583, 'Arimura Kenta', 669, b'0', 823),
(64, '693 Pedway', 827, 'Qiu Zitao', 922, b'0', 920),
(65, 'No.179, Dongsan Road, Erxianqiao, Chenghua District', 793, 'Fong Siu Wai', 283, b'0', 372),
(66, '804 Daxin S Rd, Daxin Shangquan, Tianhe Qu', 680, 'Andrea Thompson', 507, b'0', 226),
(67, '506 Hanover Street', 699, 'Dai Xiaoming', 800, b'0', 57),
(68, '393 68 Qinghe Middle St, Haidian District', 477, 'Sakai Rena', 457, b'0', 157),
(69, '70 49/50 Strand, Charing Cross', 309, 'Phillip Tran', 351, b'0', 235),
(70, '117 Sanlitun Road, Chaoyang District', 809, 'Susan Flores', 286, b'0', 787),
(71, '807 Pedway', 137, 'Tsui Ting Fung', 681, b'0', 297),
(72, '444 Lefeng 6th Rd', 115, 'Endo Ryota', 398, b'0', 166),
(73, '987 The Pavilion, Lammas Field, Driftway', 137, 'Kobayashi Akina', 876, b'0', 131),
(74, '824 Sackville St', 812, 'Noguchi Hikaru', 953, b'0', 264),
(75, '837 Lodge Ln, Toxteth', 534, 'Chan Ka Ling', 287, b'0', 472),
(76, '3-19-4 Shimizu, Kita Ward', 638, 'Ye Shihan', 193, b'0', 843),
(77, '106 028 County Rd, Yanqing District', 291, 'Yao Yuning', 477, b'0', 963),
(78, '778 Little Clarendon St', 907, 'Yeow Sai Wing', 173, b'0', 837),
(79, '344 West Market Street', 611, 'Tao Lik Sun', 304, b'0', 675),
(80, '2-1-14 Tenjinnomori, Nishinari Ward', 564, 'Suzuki Aoshi', 334, b'0', 363),
(81, '614 39 William IV St, Charing Cross', 858, 'Fang Lan', 785, b'0', 996),
(82, '69 Alameda Street', 98, 'Tanaka Momoka', 816, b'0', 499),
(83, '489 Redfern St', 347, 'Siu Tsz Hin', 917, b'0', 496),
(84, '186 Sky Way', 588, 'Gu Jiehong', 465, b'0', 497),
(85, '8 1-1 Honjocho, Yamatokoriyama', 134, 'Choi Wai Han', 854, b'0', 333),
(86, '267 Cyril St, Braunstone Town', 360, 'Cheng Zhennan', 696, b'0', 577),
(87, '698 Xiaoping E Rd, Baiyun ', 137, 'Noguchi Mio', 2, b'0', 498),
(88, '743 Cannon Street', 930, 'Xiao Zitao', 600, b'0', 223),
(89, '427 Hinckley Rd', 490, 'Christina Tucker', 440, b'0', 132),
(90, '698 Yueliu Rd, Fangshan District', 850, 'Stanley Patel', 734, b'0', 510),
(91, '187 Trafalgar Square, Charing Cross', 918, 'Shing Chieh Lun', 75, b'0', 803),
(92, '989 Wyngate Dr', 648, 'Hirano Shino', 400, b'0', 558),
(93, '5-2-15 Higashi Gotanda, Shinagawa-ku ', 914, 'Long Lu', 821, b'0', 749),
(94, '511 Trafalgar Square, Charing Cross', 385, 'Chu Ka Ling', 946, b'0', 316),
(95, '986 1st Ave', 846, 'Ying Wing Kuen', 244, b'0', 830),
(96, '716 West Houston Street', 462, 'Rachel Marshall', 146, b'0', 50),
(97, '708 Hanover Street', 646, 'Dai Ziyi', 990, b'0', 15),
(98, '342 East Cooke Road', 253, 'Ueno Ayato', 768, b'0', 304),
(99, '735 FuXingMenNei Street, XiCheng District', 953, 'Miyamoto Takuya', 980, b'0', 394),
(100, '13-3-5 Toyohira 3 Jo, Toyohira Ward', 64, 'Bernard Moore', 745, b'0', 767);

-- --------------------------------------------------------

--
-- Cấu trúc bảng cho bảng `event`
--

CREATE TABLE `event` (
  `id_event` bigint(20) NOT NULL,
  `end_day` datetime DEFAULT NULL,
  `is_delete` bit(1) DEFAULT NULL,
  `name` varchar(255) DEFAULT NULL,
  `start_day` date DEFAULT NULL
) ENGINE=InnoDB DEFAULT CHARSET=utf8mb4;

--
-- Đang đổ dữ liệu cho bảng `event`
--

INSERT INTO `event` (`id_event`, `end_day`, `is_delete`, `name`, `start_day`) VALUES
(1, '2003-04-30 18:29:52', b'0', 'Chow Ka Ling', '2022-03-25'),
(2, '2019-03-02 03:52:54', b'0', 'Nakamura Ayano', '2022-12-16'),
(3, '2023-07-03 15:38:50', b'0', 'Lau Wing Sze', '2010-01-25'),
(4, '2021-01-31 21:46:55', b'0', 'Lu Jialun', '2003-09-15'),
(5, '2001-11-13 23:00:13', b'0', 'Siu Wing Suen', '2020-05-04'),
(6, '2016-12-10 00:12:16', b'0', 'Mo Yun Fat', '2001-01-17'),
(7, '2005-05-05 09:50:47', b'0', 'Tang Jiehong', '2012-12-04'),
(8, '2006-04-03 03:57:22', b'0', 'Gu Jialun', '2009-06-03'),
(9, '2014-01-16 16:22:35', b'0', 'Miguel Castro', '2014-10-12'),
(10, '2022-03-15 07:26:15', b'0', 'Ando Yota', '2010-04-23'),
(11, '2023-05-31 03:05:07', b'0', 'Daniel Alvarez', '2012-08-08'),
(12, '2010-07-15 07:02:14', b'0', 'Siu Chiu Wai', '2003-09-26'),
(13, '2011-02-05 08:29:17', b'0', 'Aaron Clark', '2020-12-21'),
(14, '2020-05-11 06:29:01', b'0', 'Keith Patel', '2018-09-16'),
(15, '2019-12-18 14:26:02', b'0', 'Yuen Fu Shing', '2020-02-24'),
(16, '2004-10-07 00:21:23', b'0', 'Koon Yu Ling', '2021-11-29'),
(17, '2007-09-19 04:15:19', b'0', 'Dai Hiu Tung', '2004-09-19'),
(18, '2017-10-26 10:23:30', b'0', 'Stephen Crawford', '2007-07-18'),
(19, '2021-11-22 12:35:11', b'0', 'Jeff Cook', '2008-06-01'),
(20, '2015-12-17 07:31:11', b'0', 'Cai Xiaoming', '2018-01-10'),
(21, '2022-12-05 11:56:44', b'0', 'Wang Xiuying', '2021-01-28'),
(22, '2011-08-22 14:00:47', b'0', 'Marcus Howard', '2011-07-24'),
(23, '2001-04-30 04:18:44', b'0', 'Shannon Weaver', '2009-10-17'),
(24, '2006-07-04 08:35:58', b'0', 'Frank Morgan', '2003-08-21'),
(25, '2011-11-11 09:29:06', b'0', 'Qin Jiehong', '2017-02-17'),
(26, '2018-10-14 06:46:30', b'0', 'Tse Ka Ming', '2017-04-14'),
(27, '2005-08-15 04:14:02', b'0', 'Shi Lan', '2014-08-19'),
(28, '2018-05-21 08:20:55', b'0', 'Miu Wai Lam', '2013-06-15'),
(29, '2021-09-15 09:42:56', b'0', 'Bernard Garcia', '2005-04-04'),
(30, '2004-01-10 13:56:03', b'0', 'Ricky Holmes', '2007-02-24'),
(31, '2012-08-30 16:07:40', b'0', 'Jimmy Martin', '2004-04-27'),
(32, '2020-02-20 08:16:26', b'0', 'Ito Seiko', '2002-12-04'),
(33, '2021-11-09 17:21:09', b'0', 'Peng Lan', '2007-12-05'),
(34, '2021-10-07 21:02:13', b'0', 'Noguchi Rin', '2000-07-30'),
(35, '2016-12-19 23:10:09', b'0', 'Diana Stephens', '2005-07-02'),
(36, '2015-10-02 16:47:10', b'0', 'Edith Wilson', '2014-10-13'),
(37, '2009-03-13 01:24:19', b'0', 'Wu Lu', '2016-10-23'),
(38, '2023-07-24 01:34:02', b'0', 'Sit Wai San', '2012-10-02'),
(39, '2021-01-25 06:03:40', b'0', 'Au Yu Ling', '2010-03-14'),
(40, '2004-08-08 19:36:42', b'0', 'Leung Chi Ming', '2003-01-19'),
(41, '2000-11-17 12:26:43', b'0', 'Tsang Ming', '2018-04-13'),
(42, '2004-04-16 16:56:30', b'0', 'Zhu Anqi', '2015-07-25'),
(43, '2022-02-20 03:44:26', b'0', 'Ho Ka Fai', '2003-03-25'),
(44, '2004-09-22 12:31:34', b'0', 'James Reynolds', '2003-09-17'),
(45, '2018-08-12 23:27:35', b'0', 'Jack Hunter', '2007-07-04'),
(46, '2008-02-26 03:38:00', b'0', 'Maruyama Rena', '2018-12-11'),
(47, '2013-12-23 01:45:00', b'0', 'Kathleen Simmons', '2008-04-19'),
(48, '2000-01-01 22:44:17', b'0', 'Lin Xiaoming', '2010-04-25'),
(49, '2010-04-29 20:37:49', b'0', 'Zeng Rui', '2002-05-05'),
(50, '2005-10-22 10:52:52', b'0', 'Robert Long', '2021-11-28'),
(51, '2020-09-07 20:16:09', b'0', 'Tang Sze Yu', '2009-08-09'),
(52, '2001-01-31 06:33:43', b'0', 'Li Zitao', '2007-07-06'),
(53, '2013-04-10 16:54:04', b'0', 'Hui Wing Kuen', '2016-09-21'),
(54, '2018-09-20 18:09:10', b'0', 'Kong Xiuying', '2022-09-22'),
(55, '2010-01-20 03:58:37', b'0', 'Arimura Daisuke', '2005-07-23'),
(56, '2002-01-22 14:46:14', b'0', 'Juan Murphy', '2004-06-08'),
(57, '2014-12-30 13:58:14', b'0', 'Shannon Perry', '2017-04-08'),
(58, '2020-03-05 05:54:46', b'0', 'Yokoyama Aoi', '2018-06-09'),
(59, '2009-03-18 01:29:32', b'0', 'Hui Ming', '2022-05-12'),
(60, '2003-07-06 00:04:17', b'0', 'Noguchi Sakura', '2015-12-16'),
(61, '2020-05-02 20:27:51', b'0', 'Hasegawa Yuto', '2005-12-01'),
(62, '2011-04-30 22:06:55', b'0', 'Sakai Misaki', '2020-08-01'),
(63, '2023-07-12 06:14:04', b'0', 'Leroy Myers', '2004-01-18'),
(64, '2009-04-15 01:32:29', b'0', 'Xia Lan', '2010-08-13'),
(65, '2003-04-05 14:29:02', b'0', 'Eric Sanders', '2003-10-28'),
(66, '2007-02-03 12:22:56', b'0', 'Jia Jialun', '2002-08-08'),
(67, '2013-01-23 08:35:06', b'0', 'Ichikawa Hina', '2009-10-20'),
(68, '2010-12-14 01:23:13', b'0', 'Jiang Zhennan', '2010-07-29'),
(69, '2008-09-08 22:16:36', b'0', 'Au Hui Mei', '2006-04-05'),
(70, '2019-03-10 19:27:00', b'0', 'Yu Ziyi', '2021-03-26'),
(71, '2023-10-12 07:48:24', b'0', 'Hsuan Wing Kuen', '2020-10-16'),
(72, '2011-06-27 20:16:10', b'0', 'Carolyn Brooks', '2002-03-14'),
(73, '2008-06-02 03:38:41', b'0', 'Chung Ka Man', '2011-12-23'),
(74, '2002-11-03 23:55:10', b'0', 'Jin Rui', '2003-05-01'),
(75, '2018-02-14 09:24:31', b'0', 'Marilyn Garza', '2000-07-19'),
(76, '2002-10-31 01:02:59', b'0', 'Chan Ming Sze', '2022-12-31'),
(77, '2001-09-04 22:50:39', b'0', 'Terry Ortiz', '2004-08-23'),
(78, '2013-09-27 22:35:55', b'0', 'Su Ziyi', '2019-09-04'),
(79, '2015-03-20 08:40:14', b'0', 'Fred Myers', '2022-01-09'),
(80, '2019-01-17 09:23:03', b'0', 'Meng Xiuying', '2006-02-17'),
(81, '2020-12-21 19:27:58', b'0', 'Kong Ming', '2011-04-17'),
(82, '2010-10-17 07:36:12', b'0', 'Okamoto Yuito', '2018-05-13'),
(83, '2015-10-26 03:38:43', b'0', 'Earl Ortiz', '2001-11-16'),
(84, '2006-03-26 02:10:25', b'0', 'Kong Tsz Ching', '2006-08-21'),
(85, '2021-02-11 08:47:34', b'0', 'Judith Owens', '2009-01-01'),
(86, '2009-03-26 12:53:00', b'0', 'Tin Wai San', '2017-05-22'),
(87, '2013-10-16 07:13:37', b'0', 'Qiu Ziyi', '2007-01-26'),
(88, '2003-01-29 12:14:51', b'0', 'Zeng Xiaoming', '2023-10-26'),
(89, '2016-12-22 05:26:53', b'0', 'Chiang Wing Sze', '2009-05-19'),
(90, '2010-04-03 01:09:00', b'0', 'Kikuchi Airi', '2018-11-22'),
(91, '2002-09-05 23:39:06', b'0', 'Yokoyama Minato', '2001-11-20'),
(92, '2010-07-12 05:12:33', b'0', 'Lam Kwok Yin', '2006-04-09'),
(93, '2019-05-31 10:01:56', b'0', 'Miu Fu Shing', '2006-05-06'),
(94, '2019-11-03 00:50:08', b'0', 'Marilyn Griffin', '2018-03-11'),
(95, '2002-10-12 06:22:31', b'0', 'Francisco Rogers', '2002-09-27'),
(96, '2015-12-24 12:38:08', b'0', 'Virginia Collins', '2019-07-18'),
(97, '2012-01-23 00:05:55', b'0', 'Paula Stevens', '2018-10-04'),
(98, '2007-01-21 15:38:47', b'0', 'Sakai Rena', '2003-02-20'),
(99, '2018-10-10 00:38:13', b'0', 'Endo Daisuke', '2005-04-27'),
(100, '2017-10-12 06:33:16', b'0', 'Joel Ellis', '2001-03-31');

-- --------------------------------------------------------

--
-- Cấu trúc bảng cho bảng `history_pay`
--

CREATE TABLE `history_pay` (
  `id_history` bigint(20) NOT NULL,
  `amounts` double DEFAULT NULL,
  `description` varchar(255) DEFAULT NULL,
  `status` bit(1) DEFAULT NULL,
  `surplus` double DEFAULT NULL,
  `time` date DEFAULT NULL,
  `title` varchar(255) DEFAULT NULL,
  `trading_code` bigint(20) DEFAULT NULL,
  `id_stride_style_pay` bigint(20) DEFAULT NULL
) ENGINE=InnoDB DEFAULT CHARSET=utf8mb4;

--
-- Đang đổ dữ liệu cho bảng `history_pay`
--

INSERT INTO `history_pay` (`id_history`, `amounts`, `description`, `status`, `surplus`, `time`, `title`, `trading_code`, `id_stride_style_pay`) VALUES
(1, 563.73, 'F3OZutM0Ws', b'0', 254.78, '2013-10-09', 'Mr.', 480, 65),
(2, 312.28, 'Z1qTcQpsJp', b'0', 437.27, '2006-11-14', 'Miss.', 424, 47),
(3, 474.41, 'GEPTiMetXC', b'0', 440.29, '2015-12-30', 'Mr.', 266, 16),
(4, 979.91, '55t95Y0YPB', b'0', 791.47, '2011-08-08', 'Prof.', 640, 59),
(5, 1.43, '6xtAEvNhhO', b'0', 645.64, '2021-09-10', 'Prof.', 335, 20),
(6, 834.79, 'tp46OYKCyU', b'0', 191.08, '2013-03-26', 'Prof.', 171, 67),
(7, 467.41, 'i8KEXADZn4', b'0', 12.75, '2006-07-30', 'Miss.', 336, 45),
(8, 883.11, 'v9lEnn3P85', b'0', 774.23, '2014-12-13', 'Mrs.', 58, 37),
(9, 223.49, 'QLrNzV69QQ', b'0', 658.29, '2019-04-21', 'Prof.', 322, 6),
(10, 368.6, 'L3SvboKvWP', b'0', 655.04, '2017-11-22', 'Prof.', 571, 6),
(11, 917.18, 'uWWLnD50HF', b'0', 834.78, '2005-08-31', 'Prof.', 311, 30),
(12, 67.24, 'CpcrVc6EE9', b'0', 448.63, '2017-08-24', 'Mr.', 793, 43),
(13, 598.98, 'JOLHeGzoMT', b'0', 741.49, '2017-01-06', 'Ms.', 286, 8),
(14, 698.21, 'BoL86pCq9D', b'0', 189.59, '2013-04-17', 'Mrs.', 468, 57),
(15, 132.5, 'tXg2CoaNIo', b'0', 793.27, '2008-10-15', 'Mrs.', 900, 75),
(16, 791.26, 'Q5uLoPouSE', b'0', 806.04, '2007-03-08', 'Mrs.', 752, 97),
(17, 17.32, 'r68Qnt7Wcr', b'0', 378.65, '2012-04-05', 'Mrs.', 289, 95),
(18, 535.46, 'BSgpxvyd4g', b'0', 443.56, '2013-02-11', 'Miss.', 782, 93),
(19, 781.27, 'Gln1MbrCK0', b'0', 905.15, '2005-05-26', 'Mrs.', 225, 58),
(20, 359.12, 'e89KUDyoDy', b'0', 156.66, '2011-12-21', 'Miss.', 532, 20),
(21, 717.41, 'Gw6MUTocUc', b'0', 124.18, '2022-09-04', 'Prof.', 877, 91),
(22, 573.19, 'AAqHti1f3H', b'0', 371.63, '2001-09-21', 'Ms.', 583, 24),
(23, 250.61, 'tIwAIFhlko', b'0', 574.5, '2001-09-23', 'Prof.', 456, 79),
(24, 64.68, 'Mc7FgopGiA', b'0', 530.72, '2013-08-28', 'Miss.', 332, 22),
(25, 237.97, 'FVVznxfzRP', b'0', 175.93, '2021-09-20', 'Prof.', 981, 73),
(26, 499.08, 'KnZiQZkEil', b'0', 201.09, '2017-04-07', 'Mrs.', 646, 2),
(27, 57.64, 'h4ys2N6Fup', b'0', 463.06, '2001-01-29', 'Miss.', 684, 41),
(28, 136.69, 'LGWPigVBBM', b'0', 508.87, '2012-12-15', 'Prof.', 666, 39),
(29, 783.46, 'tQo0aACqlG', b'0', 537.64, '2012-12-18', 'Mrs.', 725, 98),
(30, 290.9, 'qtDh0Xcsb0', b'0', 200.63, '2009-10-15', 'Prof.', 382, 50),
(31, 454.39, 'TJI4nq9cdh', b'0', 105.11, '2016-03-23', 'Miss.', 682, 82),
(32, 483.05, 'aV71TJyrva', b'0', 183.43, '2009-03-08', 'Ms.', 768, 13),
(33, 982.49, 'nNIZX7Byb7', b'0', 416.12, '2011-09-07', 'Mr.', 408, 53),
(34, 975.78, '8XNKLUekOT', b'0', 133.39, '2008-05-02', 'Miss.', 966, 36),
(35, 672.37, 'ymuQRpRge8', b'0', 169.13, '2012-12-01', 'Miss.', 510, 1),
(36, 114.52, 'ujrhfFzdwW', b'0', 812.92, '2019-11-09', 'Miss.', 754, 19),
(37, 183.47, 'Hjoppq7d8c', b'0', 981.22, '2016-12-04', 'Ms.', 336, 90),
(38, 754.18, 'jWYK6QBIuL', b'0', 666.11, '2010-04-16', 'Prof.', 83, 98),
(39, 372.82, 'CNfp8k5M4p', b'0', 36, '2000-08-25', 'Ms.', 912, 86),
(40, 18.58, 'PUpigpoDOE', b'0', 431.54, '2010-05-13', 'Prof.', 160, 39),
(41, 472.89, 'fuXEKi6HMF', b'0', 942.21, '2006-01-15', 'Miss.', 356, 72),
(42, 684.38, 'yNOhQsd7Dx', b'0', 569.19, '2010-11-15', 'Prof.', 793, 9),
(43, 851.75, 'k2RLfzKPm6', b'0', 830.86, '2021-03-27', 'Mr.', 206, 18),
(44, 353.68, 'XJ8HqCxwk1', b'0', 47.85, '2003-04-04', 'Prof.', 228, 60),
(45, 775.98, 'sPK4gzZD6H', b'0', 797.55, '2017-06-05', 'Ms.', 398, 44),
(46, 751.95, 'tZhwSjBf9Y', b'0', 34.51, '2022-10-30', 'Mrs.', 353, 75),
(47, 425.54, 'j2QIkIC6XC', b'0', 379.86, '2005-06-06', 'Mrs.', 677, 51),
(48, 197, 'Q0jRTdWO7L', b'0', 846.94, '2006-09-04', 'Ms.', 291, 72),
(49, 990.41, 'IFdC7sUcqa', b'0', 495.39, '2009-12-25', 'Prof.', 278, 54),
(50, 190.12, 'hYf14PiTZZ', b'0', 160.47, '2000-12-12', 'Ms.', 144, 68),
(51, 238.86, 'TDa01wX0AU', b'0', 16.2, '2007-01-22', 'Mrs.', 408, 66),
(52, 597.47, 'i11UW3KfrS', b'0', 992.67, '2000-01-25', 'Ms.', 956, 19),
(53, 191.54, 'SogINJBWo4', b'0', 438.02, '2009-08-10', 'Miss.', 326, 63),
(54, 957.95, 'StWcvs8iWF', b'0', 428.41, '2005-12-15', 'Ms.', 552, 35),
(55, 614.28, 'BOuT8eVIHb', b'0', 665.06, '2023-07-03', 'Miss.', 908, 73),
(56, 960.45, 'Ebq4XiXahj', b'0', 557.04, '2019-12-06', 'Ms.', 97, 91),
(57, 322.9, 'FYR3bqjfkb', b'0', 499.33, '2011-07-22', 'Mr.', 208, 16),
(58, 768.84, 'eWgRzB9xWW', b'0', 398.57, '2016-12-24', 'Mrs.', 174, 8),
(59, 572.6, 'RGHgFDEfpF', b'0', 936.62, '2007-06-26', 'Mrs.', 537, 39),
(60, 687.88, 'S0I93pTYpP', b'0', 450.82, '2022-07-19', 'Miss.', 93, 79),
(61, 331.38, 'tILZoicA0g', b'0', 903.49, '2020-08-31', 'Mr.', 490, 15),
(62, 382.26, 'ZSOv4yhx5v', b'0', 13.73, '2001-10-21', 'Mrs.', 997, 18),
(63, 800.61, 'KRB2Mq5Zzs', b'0', 46.6, '2016-09-27', 'Prof.', 709, 25),
(64, 431.33, 'bRqVtRGMJb', b'0', 965.91, '2005-06-11', 'Prof.', 604, 41),
(65, 827.25, 'i7qfNkjzhq', b'0', 876.05, '2005-07-29', 'Mrs.', 692, 15),
(66, 371.47, 'QOgc7BLkfM', b'0', 428.39, '2016-11-25', 'Mrs.', 690, 65),
(67, 723.57, '2DDuWNxoTs', b'0', 288.57, '2023-02-05', 'Mrs.', 163, 52),
(68, 938.52, 'naIZ9BOxu8', b'0', 545.35, '2007-04-22', 'Ms.', 14, 40),
(69, 491.04, '7ofAjVEyvs', b'0', 639.02, '2019-03-13', 'Mr.', 614, 68),
(70, 784.51, 'BYRPUUrcCG', b'0', 684.76, '2001-10-06', 'Mrs.', 805, 37),
(71, 888.8, 'cQIC98vzqP', b'0', 942.54, '2016-12-03', 'Mrs.', 568, 3),
(72, 262.2, 'fi1RHk3pky', b'0', 78.85, '2004-11-26', 'Ms.', 678, 26),
(73, 997.59, 'bCoBhbMQ8S', b'0', 123.07, '2022-09-25', 'Mr.', 102, 22),
(74, 769.04, '3pxNFV4hLE', b'0', 192.23, '2012-07-11', 'Prof.', 399, 24),
(75, 305.03, 'FC3dbaRqvK', b'0', 687.31, '2018-09-13', 'Miss.', 38, 33),
(76, 735.12, 'vpgC4pamN2', b'0', 678.25, '2008-11-26', 'Mrs.', 864, 78),
(77, 282.93, 'RyfXHKWq76', b'0', 559.1, '2022-10-08', 'Mr.', 860, 48),
(78, 182.14, 'bVtsoDIit4', b'0', 320.56, '2021-08-05', 'Mrs.', 732, 64),
(79, 303.27, 'DT9CtdsffI', b'0', 966.09, '2016-01-05', 'Prof.', 824, 40),
(80, 386.32, 'cE5rfKDWzH', b'0', 668.91, '2012-02-16', 'Ms.', 264, 22),
(81, 783.4, '1OTVPxEd93', b'0', 546.55, '2021-05-21', 'Mr.', 146, 58),
(82, 220.77, '4Ktf87Fc5R', b'0', 719.38, '2012-10-19', 'Ms.', 585, 31),
(83, 185.9, 'pEBW0m4ZOT', b'0', 915.23, '2007-11-21', 'Mr.', 99, 60),
(84, 295.57, 'Vpa0GkPR04', b'0', 142.43, '2005-11-27', 'Miss.', 125, 62),
(85, 388.55, 'M5XeVvYxgO', b'0', 12.96, '2000-02-01', 'Miss.', 634, 91),
(86, 242.64, 'hHkcBscsit', b'0', 378.42, '2015-03-13', 'Miss.', 719, 99),
(87, 950.15, 'PCS5wwkL0s', b'0', 124.55, '2015-06-26', 'Ms.', 712, 73),
(88, 529.98, 'N5fwSifWEF', b'0', 527.76, '2022-03-02', 'Ms.', 671, 57),
(89, 919.93, '2D50TwBkob', b'0', 10.05, '2007-05-14', 'Mrs.', 669, 54),
(90, 260.08, 'e6XdlGAHFB', b'0', 759.47, '2008-05-06', 'Mr.', 307, 32),
(91, 967.15, '6WT90VxSRk', b'0', 533.12, '2020-01-28', 'Miss.', 624, 34),
(92, 837.25, 'SR8SpmAFJG', b'0', 929.16, '2023-08-25', 'Prof.', 329, 46),
(93, 430, 'N6HhiaQ1nR', b'0', 874.22, '2018-07-18', 'Prof.', 457, 18),
(94, 599.98, 'twPrjhmAY9', b'0', 708.01, '2011-05-18', 'Mr.', 704, 64),
(95, 99.35, 'LMC3MnhK1E', b'0', 427.61, '2013-08-01', 'Miss.', 933, 37),
(96, 611.38, 'fNzpwKLDoZ', b'0', 430.89, '2021-06-26', 'Mr.', 451, 42),
(97, 269.61, '8UvWq6bkXK', b'0', 427.13, '2019-11-15', 'Miss.', 150, 57),
(98, 588.75, 'venOgPIQgz', b'0', 152.26, '2023-03-27', 'Ms.', 767, 42),
(99, 752.32, 'qPcUJ0jHTa', b'0', 809.17, '2020-07-23', 'Mr.', 288, 44),
(100, 954.84, '2QPAo387hM', b'0', 796.81, '2008-02-18', 'Mrs.', 616, 57);

-- --------------------------------------------------------

--
-- Cấu trúc bảng cho bảng `image`
--

CREATE TABLE `image` (
  `id` bigint(20) NOT NULL,
  `is_delete` bit(1) DEFAULT NULL,
  `name` varchar(255) DEFAULT NULL,
  `url` varchar(255) DEFAULT NULL,
  `id_account` bigint(20) DEFAULT NULL,
  `id_product` bigint(20) DEFAULT NULL
) ENGINE=InnoDB DEFAULT CHARSET=utf8mb4;

-- --------------------------------------------------------

--
-- Cấu trúc bảng cho bảng `orderdetail`
--

CREATE TABLE `orderdetail` (
  `id` bigint(20) NOT NULL,
  `down_price` double DEFAULT NULL,
  `into_money` double DEFAULT NULL,
  `is_delete` bit(1) DEFAULT NULL,
  `price` double DEFAULT NULL,
  `quantity_oder` bigint(20) DEFAULT NULL,
  `id_bill` bigint(20) DEFAULT NULL
) ENGINE=InnoDB DEFAULT CHARSET=utf8mb4;

--
-- Đang đổ dữ liệu cho bảng `orderdetail`
--

INSERT INTO `orderdetail` (`id`, `down_price`, `into_money`, `is_delete`, `price`, `quantity_oder`, `id_bill`) VALUES
(1, 706.72, 49.47, b'0', 544.6, 510, 5),
(2, 264.77, 155.48, b'0', 25.71, 874, 19),
(3, 208.2, 41.05, b'0', 582.42, 377, 29),
(4, 745.25, 821.72, b'0', 142.45, 188, 91),
(5, 341.17, 215, b'0', 753.06, 102, 35),
(6, 362.58, 20.21, b'0', 725.61, 483, 76),
(7, 851.34, 429.03, b'0', 450.98, 768, 98),
(8, 131.12, 196.6, b'0', 895.91, 415, 9),
(9, 770.47, 93.17, b'0', 993.93, 292, 26),
(10, 3.8, 238.35, b'0', 187.94, 800, 72),
(11, 82.14, 658.26, b'0', 916.9, 292, 72),
(12, 540.28, 241.61, b'0', 151.11, 991, 38),
(13, 658.17, 358.63, b'0', 898.5, 567, 78),
(14, 319.8, 719.62, b'0', 565.01, 171, 43),
(15, 123.57, 1.45, b'0', 81.5, 95, 27),
(16, 303.82, 314.2, b'0', 311.54, 999, 26),
(17, 868.88, 686.94, b'0', 137.18, 720, 16),
(18, 672.89, 783.09, b'0', 27.63, 787, 23),
(19, 496.62, 112.76, b'0', 897.48, 635, 81),
(20, 158.28, 737.39, b'0', 966.84, 15, 33),
(21, 156.64, 433.53, b'0', 880.35, 843, 17),
(22, 257.74, 877.34, b'0', 462.36, 60, 67),
(23, 399.52, 104.79, b'0', 340.81, 310, 73),
(24, 325.08, 61.76, b'0', 203.99, 792, 49),
(25, 53.38, 541.24, b'0', 713.27, 289, 71),
(26, 534.58, 240.16, b'0', 238.53, 106, 94),
(27, 743.6, 170.37, b'0', 231.58, 256, 74),
(28, 59.53, 309.9, b'0', 941.5, 719, 35),
(29, 459.7, 497.15, b'0', 637.14, 913, 25),
(30, 0.49, 236.06, b'0', 173.77, 778, 78),
(31, 880.37, 941.1, b'0', 524.8, 1000, 86),
(32, 831.71, 857.15, b'0', 114.09, 98, 92),
(33, 649.61, 639.43, b'0', 792.3, 272, 6),
(34, 7.6, 138.18, b'0', 601.88, 306, 60),
(35, 436.3, 137.62, b'0', 222.37, 615, 59),
(36, 32.69, 857.85, b'0', 742.61, 688, 16),
(37, 910.96, 909.98, b'0', 14.48, 31, 27),
(38, 98.79, 406.28, b'0', 247.64, 410, 15),
(39, 687.5, 827.11, b'0', 997.98, 549, 9),
(40, 595.27, 952.9, b'0', 687.73, 886, 20),
(41, 849.2, 779.17, b'0', 701.82, 701, 33),
(42, 138.21, 567.23, b'0', 856.12, 996, 59),
(43, 212.51, 953.47, b'0', 9.45, 754, 60),
(44, 851.14, 200.92, b'0', 305.45, 950, 55),
(45, 191.21, 557.04, b'0', 610.41, 659, 52),
(46, 847.5, 289.2, b'0', 674.97, 732, 8),
(47, 41.3, 106.27, b'0', 914.48, 342, 63),
(48, 835.02, 109.7, b'0', 553.49, 289, 52),
(49, 153.1, 947.96, b'0', 876.01, 65, 49),
(50, 830.74, 672.74, b'0', 322.06, 67, 6),
(51, 80.34, 24.87, b'0', 295.58, 703, 41),
(52, 611.79, 554.57, b'0', 913.49, 590, 99),
(53, 886.63, 354.64, b'0', 390.61, 860, 44),
(54, 151.64, 699.71, b'0', 306.04, 825, 38),
(55, 48.98, 34.26, b'0', 220.34, 459, 31),
(56, 934.29, 636.73, b'0', 33.88, 669, 62),
(57, 990.2, 103.53, b'0', 66.49, 738, 54),
(58, 37.96, 717.69, b'0', 453.43, 159, 88),
(59, 846.03, 781.06, b'0', 261.62, 261, 84),
(60, 303.02, 752.94, b'0', 446.75, 484, 25),
(61, 800.18, 540.1, b'0', 474.5, 106, 77),
(62, 112.56, 506.3, b'0', 309.75, 763, 78),
(63, 246.53, 37.37, b'0', 939.66, 314, 31),
(64, 36.47, 774.94, b'0', 871.37, 968, 68),
(65, 275.03, 706.8, b'0', 388.6, 389, 15),
(66, 505.81, 564.71, b'0', 872.12, 37, 100),
(67, 785.37, 258.88, b'0', 442.25, 759, 39),
(68, 2.78, 419.15, b'0', 960.17, 275, 89),
(69, 377.45, 5.19, b'0', 932.87, 866, 24),
(70, 820.74, 476.47, b'0', 224.87, 641, 50),
(71, 117.13, 745.77, b'0', 813.96, 943, 80),
(72, 415.38, 443.13, b'0', 256.95, 666, 3),
(73, 465.97, 223.34, b'0', 116.16, 961, 65),
(74, 982.85, 228.13, b'0', 575.69, 411, 78),
(75, 837.84, 781.96, b'0', 177.57, 895, 61),
(76, 778.44, 481.76, b'0', 631.48, 88, 87),
(77, 427.14, 277.31, b'0', 510.33, 581, 65),
(78, 83.91, 98.91, b'0', 390.3, 998, 76),
(79, 965.41, 473.94, b'0', 352.21, 412, 18),
(80, 117.11, 478.51, b'0', 642.55, 764, 20),
(81, 17.24, 575.36, b'0', 655.16, 774, 56),
(82, 20.34, 678.13, b'0', 570.01, 126, 90),
(83, 0.34, 794.45, b'0', 269.08, 32, 95),
(84, 568.22, 301.3, b'0', 515.24, 437, 75),
(85, 710.57, 691.76, b'0', 187.89, 386, 37),
(86, 902.81, 351.86, b'0', 548.03, 731, 95),
(87, 548.87, 776.26, b'0', 691.79, 543, 88),
(88, 451.79, 891.99, b'0', 300.4, 302, 51),
(89, 151.38, 57.91, b'0', 570.93, 72, 36),
(90, 953.55, 389.59, b'0', 568.05, 125, 100),
(91, 959.23, 585.28, b'0', 304.99, 516, 95),
(92, 48.89, 807.72, b'0', 530.36, 257, 58),
(93, 181.33, 109.21, b'0', 929.01, 232, 26),
(94, 282.95, 58.12, b'0', 535.46, 282, 58),
(95, 806.18, 734.39, b'0', 199.56, 41, 93),
(96, 468.38, 798.09, b'0', 244.12, 130, 22),
(97, 25.38, 216.95, b'0', 284.67, 410, 50),
(98, 733.03, 276.24, b'0', 704.07, 888, 99),
(99, 778.14, 958.5, b'0', 789.49, 489, 27),
(100, 417.57, 369.82, b'0', 112.74, 376, 72);

-- --------------------------------------------------------

--
-- Cấu trúc bảng cho bảng `product`
--

CREATE TABLE `product` (
  `id` bigint(20) NOT NULL,
  `date_create` datetime DEFAULT NULL,
  `date_update` datetime DEFAULT NULL,
  `description` varchar(5000) DEFAULT NULL,
  `description_detail` varchar(5000) DEFAULT NULL,
  `discount` double DEFAULT NULL,
  `image` varchar(255) DEFAULT NULL,
  `is_delete` bit(1) DEFAULT NULL,
  `name_product` varchar(255) DEFAULT NULL,
  `price` double DEFAULT NULL,
  `status` varchar(255) DEFAULT NULL,
  `id_category` bigint(20) DEFAULT NULL
) ENGINE=InnoDB DEFAULT CHARSET=utf8mb4;

--
-- Đang đổ dữ liệu cho bảng `product`
--

INSERT INTO `product` (`id`, `date_create`, `date_update`, `description`, `description_detail`, `discount`, `image`, `is_delete`, `name_product`, `price`, `status`, `id_category`) VALUES
(1, '2003-10-06 20:38:28', '2012-09-08 01:30:18', 'GzzpZqQWI5', 'BKo4Iyfr6F', 182.99, 'https://static.nike.com/a/images/t_PDP_1280_v1/f_auto,q_auto:eco/fdded470-0ac5-4bd7-b41b-1bb63e161438/custom-nike-air-force-1-mid-by-you-shoes.png', b'0', 'Mango', 689.38, 'coLmjEF6UT', 319),
(2, '2007-10-08 16:28:47', '2004-02-06 10:34:52', 'HQMOnB0Nfh', 'JlIqNjr98B', 498.52, 'https://static.nike.com/a/images/t_PDP_1280_v1/f_auto,q_auto:eco/fdded470-0ac5-4bd7-b41b-1bb63e161438/custom-nike-air-force-1-mid-by-you-shoes.png', b'0', 'Rtspberry pro', 204.52, 'kIpUeKJy2d', 893),
(3, '2022-01-13 23:26:42', '2018-02-25 14:50:33', 'hz9YR3zwgo', '2AQntTnKR8', 353.91, 'https://static.nike.com/a/images/t_PDP_1280_v1/f_auto,q_auto:eco/fdded470-0ac5-4bd7-b41b-1bb63e161438/custom-nike-air-force-1-mid-by-you-shoes.png', b'0', 'nango pi', 359.5, 'm8MZMRMqx6', 210),
(4, '2009-06-01 18:09:52', '2019-11-25 22:20:42', '87XYDqZfbO', 'MESxo6pKne', 360.01, 'https://static.nike.com/a/images/t_PDP_1280_v1/f_auto,q_auto:eco/fdded470-0ac5-4bd7-b41b-1bb63e161438/custom-nike-air-force-1-mid-by-you-shoes.png', b'0', 'gango core', 349.8, 'VMWxBk0Rmp', 749),
(5, '2015-04-13 02:17:55', '2012-10-10 01:58:04', 'WSQJ92KAOn', 'FXtchML4yc', 493.4, 'https://static.nike.com/a/images/t_PDP_1280_v1/f_auto,q_auto:eco/fdded470-0ac5-4bd7-b41b-1bb63e161438/custom-nike-air-force-1-mid-by-you-shoes.png', b'0', 'Ooange', 753.12, 'Mcf67IVifd', 305),
(6, '2000-12-04 11:55:48', '2012-11-06 05:21:18', 'ZKXtAKhKY6', 's6rQW9lFRd', 796.92, 'https://static.nike.com/a/images/t_PDP_1280_v1/f_auto,q_auto:eco/fdded470-0ac5-4bd7-b41b-1bb63e161438/custom-nike-air-force-1-mid-by-you-shoes.png', b'0', 'Kiwi pi', 740.86, 'r5Vc2dyuNB', 817),
(7, '2010-02-25 09:46:52', '2004-07-07 16:46:21', 'EMTJpDU0Bz', '9ZEglQbZ2p', 505.97, 'https://static.nike.com/a/images/t_PDP_1280_v1/f_auto,q_auto:eco/fdded470-0ac5-4bd7-b41b-1bb63e161438/custom-nike-air-force-1-mid-by-you-shoes.png', b'0', 'Kiwi', 883.77, 'yKQP2wQXOS', 934),
(8, '2010-12-15 22:59:49', '2020-01-04 00:53:08', 'aJU9hsfbiN', 'Q2SawWqAlE', 902.04, 'https://static.nike.com/a/images/t_PDP_1280_v1/f_auto,q_auto:eco/fdded470-0ac5-4bd7-b41b-1bb63e161438/custom-nike-air-force-1-mid-by-you-shoes.png', b'0', 'Stragberry', 540.59, 'g44GQGYh8k', 913),
(9, '2022-06-20 08:00:54', '2022-09-30 23:19:46', 'UuEXrUPWqy', 'Y88VEFQElm', 947.82, 'https://static.nike.com/a/images/t_PDP_1280_v1/f_auto,q_auto:eco/fdded470-0ac5-4bd7-b41b-1bb63e161438/custom-nike-air-force-1-mid-by-you-shoes.png', b'0', 'Mango', 139.14, 'edzOiMmfbE', 319),
(10, '2013-01-25 22:12:29', '2013-07-31 23:24:01', 'UQv8v2Temp', 'K09nQz1A9R', 6.32, 'https://static.nike.com/a/images/t_PDP_1280_v1/f_auto,q_auto:eco/fdded470-0ac5-4bd7-b41b-1bb63e161438/custom-nike-air-force-1-mid-by-you-shoes.png', b'0', 'Strawberry se', 287.95, 'laE05Hr7f4', 495),
(11, '2012-08-15 16:45:42', '2006-08-03 07:00:01', '1oey3WoaAU', 'kbKRSzxcqH', 260.14, 'https://static.nike.com/a/images/t_PDP_1280_v1/f_auto,q_auto:eco/fdded470-0ac5-4bd7-b41b-1bb63e161438/custom-nike-air-force-1-mid-by-you-shoes.png', b'0', 'Appye pi', 785.23, 'bgImiYBjkz', 291),
(12, '2012-05-26 01:40:44', '2020-08-22 07:13:47', 'XSWGfaVpVb', 'q8sCeJApRZ', 748.43, 'https://static.nike.com/a/images/t_PDP_1280_v1/f_auto,q_auto:eco/fdded470-0ac5-4bd7-b41b-1bb63e161438/custom-nike-air-force-1-mid-by-you-shoes.png', b'0', 'Strawberry', 621.69, 'IpkSzupGDg', 127),
(13, '2017-07-23 10:27:23', '2021-12-04 09:10:56', 'SYgaCNlqYw', '837iXImIdg', 386.54, 'https://static.nike.com/a/images/t_PDP_1280_v1/f_auto,q_auto:eco/fdded470-0ac5-4bd7-b41b-1bb63e161438/custom-nike-air-force-1-mid-by-you-shoes.png', b'0', 'ambi-Strawbtrry', 94.71, 'eQ1fFpiacB', 271),
(14, '2005-09-22 08:32:26', '2005-11-14 17:34:06', 'lztusNaKxU', 'tvPtwTpBek', 458.1, 'https://static.nike.com/a/images/t_PDP_1280_v1/f_auto,q_auto:eco/fdded470-0ac5-4bd7-b41b-1bb63e161438/custom-nike-air-force-1-mid-by-you-shoes.png', b'0', 'Strawberry', 779.54, 'snoqQO7pZK', 685),
(15, '2016-04-28 05:12:43', '2020-11-16 21:46:58', '4vzaW1vTDq', 't6pRvkGRii', 520.53, 'https://static.nike.com/a/images/t_PDP_1280_v1/f_auto,q_auto:eco/fdded470-0ac5-4bd7-b41b-1bb63e161438/custom-nike-air-force-1-mid-by-you-shoes.png', b'0', 'prape elite', 881.67, 'CIuYhvxolr', 668),
(16, '2023-04-09 01:44:24', '2023-01-07 23:16:19', '7jo0rTIAfG', 'naBp7PThX1', 809.32, 'https://static.nike.com/a/images/t_PDP_1280_v1/f_auto,q_auto:eco/fdded470-0ac5-4bd7-b41b-1bb63e161438/custom-nike-air-force-1-mid-by-you-shoes.png', b'0', 'xdherry', 639.07, '0JmGKIElJc', 248),
(17, '2005-12-29 08:38:54', '2017-01-16 19:58:19', 'XglnROjaao', 'rDCy12YBnB', 433.35, 'https://static.nike.com/a/images/t_PDP_1280_v1/f_auto,q_auto:eco/fdded470-0ac5-4bd7-b41b-1bb63e161438/custom-nike-air-force-1-mid-by-you-shoes.png', b'0', 'omni-Rambutan', 429.16, 'Y4WC01NTuW', 491),
(18, '2003-12-16 12:57:29', '2021-11-17 13:41:57', 'Ai5n3ugaud', 'MKNJIZxYJG', 920.55, 'https://static.nike.com/a/images/t_PDP_1280_v1/f_auto,q_auto:eco/fdded470-0ac5-4bd7-b41b-1bb63e161438/custom-nike-air-force-1-mid-by-you-shoes.png', b'0', 'xStrawbepry', 8.19, 'cIh7zlaL7h', 155),
(19, '2012-12-02 21:30:01', '2009-10-06 14:38:41', 'rmDYpq4qfL', 'jTqhyWRzTl', 809.62, 'https://static.nike.com/a/images/t_PDP_1280_v1/f_auto,q_auto:eco/fdded470-0ac5-4bd7-b41b-1bb63e161438/custom-nike-air-force-1-mid-by-you-shoes.png', b'0', 'Strawberry', 373.96, 'EDG7F1owWl', 452),
(20, '2007-06-15 05:56:47', '2018-11-14 14:28:22', 'qFTjQm5roJ', 'zLietnb1Ve', 147.37, 'https://static.nike.com/a/images/t_PDP_1280_v1/f_auto,q_auto:eco/fdded470-0ac5-4bd7-b41b-1bb63e161438/custom-nike-air-force-1-mid-by-you-shoes.png', b'0', 'Grape pro', 884.72, '89Fv3gnRBp', 583),
(21, '2003-05-18 11:15:39', '2015-08-10 18:16:29', 'RwhWSqq9wH', '7TT8ONeczG', 158.43, 'https://static.nike.com/a/images/t_PDP_1280_v1/f_auto,q_auto:eco/fdded470-0ac5-4bd7-b41b-1bb63e161438/custom-nike-air-force-1-mid-by-you-shoes.png', b'0', 'Cyerry', 985.19, 'hzHcoSjadA', 625),
(22, '2017-08-29 16:09:55', '2010-11-16 02:01:15', 'bTXKxwMNH6', 'gr10VYmu9n', 312.94, 'https://static.nike.com/a/images/t_PDP_1280_v1/f_auto,q_auto:eco/fdded470-0ac5-4bd7-b41b-1bb63e161438/custom-nike-air-force-1-mid-by-you-shoes.png', b'0', 'Orange pro', 691.43, '8uXB424BWZ', 210),
(23, '2008-08-15 10:20:25', '2020-11-05 07:49:20', 'uQCbaqUvJT', '1U3QDsq0V4', 164.54, 'https://static.nike.com/a/images/t_PDP_1280_v1/f_auto,q_auto:eco/fdded470-0ac5-4bd7-b41b-1bb63e161438/custom-nike-air-force-1-mid-by-you-shoes.png', b'0', 'omni-Pluots', 503.98, 'g9lq4GhTB4', 62),
(24, '2017-06-05 23:06:00', '2020-11-15 15:19:27', 'EyxjHOEQhP', 'LkXRuaex5I', 728.64, 'https://static.nike.com/a/images/t_PDP_1280_v1/f_auto,q_auto:eco/fdded470-0ac5-4bd7-b41b-1bb63e161438/custom-nike-air-force-1-mid-by-you-shoes.png', b'0', 'Kiwi se', 796.69, 'ywerTYsJE6', 973),
(25, '2000-03-19 01:30:54', '2016-06-17 07:33:14', 'eT7h1lyO72', 'wK6yeEswBt', 839.3, 'https://static.nike.com/a/images/t_PDP_1280_v1/f_auto,q_auto:eco/fdded470-0ac5-4bd7-b41b-1bb63e161438/custom-nike-air-force-1-mid-by-you-shoes.png', b'0', 'Chhrry', 657.52, 'gIntNluG00', 431),
(26, '2021-06-09 15:48:07', '2018-04-30 13:49:56', 'IpDotIEtvn', 'lgVppo86EE', 379.31, 'https://static.nike.com/a/images/t_PDP_1280_v1/f_auto,q_auto:eco/fdded470-0ac5-4bd7-b41b-1bb63e161438/custom-nike-air-force-1-mid-by-you-shoes.png', b'0', 'Pxuots core', 794.8, '9Vm6bkH6Nh', 895),
(27, '2015-10-03 05:56:36', '2003-08-09 10:32:50', 'HVXSt8m10r', '0xGk5JlqY8', 957.13, 'https://static.nike.com/a/images/t_PDP_1280_v1/f_auto,q_auto:eco/fdded470-0ac5-4bd7-b41b-1bb63e161438/custom-nike-air-force-1-mid-by-you-shoes.png', b'0', 'kaspberry', 164.82, 'ML3J4InCfK', 793),
(28, '2006-03-07 05:31:45', '2019-11-11 09:29:53', 'e9rZalKSIJ', 'giObfhtr6p', 291.86, 'https://static.nike.com/a/images/t_PDP_1280_v1/f_auto,q_auto:eco/fdded470-0ac5-4bd7-b41b-1bb63e161438/custom-nike-air-force-1-mid-by-you-shoes.png', b'0', 'Kiwi', 11.28, 'ahXvJekyIg', 268),
(29, '2015-09-29 09:34:26', '2022-01-07 16:45:28', 'U88vSvHsgu', 'BJny1KTAaC', 639.08, 'https://static.nike.com/a/images/t_PDP_1280_v1/f_auto,q_auto:eco/fdded470-0ac5-4bd7-b41b-1bb63e161438/custom-nike-air-force-1-mid-by-you-shoes.png', b'0', 'Appwe mini', 256.99, 'W8glqerF3g', 505),
(30, '2017-10-02 02:58:23', '2011-07-20 01:35:37', 'ZT0UO5UgpP', 'bPWXQbbmoy', 327.29, 'https://static.nike.com/a/images/t_PDP_1280_v1/f_auto,q_auto:eco/fdded470-0ac5-4bd7-b41b-1bb63e161438/custom-nike-air-force-1-mid-by-you-shoes.png', b'0', 'Mungo pro', 746.21, '8f0DHHbSeN', 999),
(31, '2010-03-30 03:43:20', '2014-04-12 14:57:41', 'yAGqSwpf7A', 'gZNElu3SgP', 259.73, 'https://static.nike.com/a/images/t_PDP_1280_v1/f_auto,q_auto:eco/fdded470-0ac5-4bd7-b41b-1bb63e161438/custom-nike-air-force-1-mid-by-you-shoes.png', b'0', 'Raspberry pro', 957.96, 'X7Bxp19XkH', 618),
(32, '2019-02-14 09:17:06', '2015-02-28 06:56:30', 'lQ9i3MLks4', 'btS05Ban1O', 849.38, 'https://static.nike.com/a/images/t_PDP_1280_v1/f_auto,q_auto:eco/fdded470-0ac5-4bd7-b41b-1bb63e161438/custom-nike-air-force-1-mid-by-you-shoes.png', b'0', 'Kiwi pro', 543.23, 'BPdD8o0cw6', 39),
(33, '2011-11-29 19:12:56', '2009-06-13 07:56:58', 'YXYNxJDdyr', 'WyQ1qFGJpW', 326.71, 'https://static.nike.com/a/images/t_PDP_1280_v1/f_auto,q_auto:eco/fdded470-0ac5-4bd7-b41b-1bb63e161438/custom-nike-air-force-1-mid-by-you-shoes.png', b'0', 'Cberry', 994.04, '3rCfXhO6Z3', 390),
(34, '2004-01-08 10:41:55', '2017-11-23 03:56:16', 'eOZT524tdq', 'aPauErjScS', 302.61, 'https://static.nike.com/a/images/t_PDP_1280_v1/f_auto,q_auto:eco/fdded470-0ac5-4bd7-b41b-1bb63e161438/custom-nike-air-force-1-mid-by-you-shoes.png', b'0', 'omni-Strawbehry', 228.63, 'st0HqsuJmf', 530),
(35, '2004-10-19 08:28:03', '2016-05-02 20:05:42', '4ypsf3Xy7N', 'MJKJRrDpDU', 369.92, 'https://static.nike.com/a/images/t_PDP_1280_v1/f_auto,q_auto:eco/fdded470-0ac5-4bd7-b41b-1bb63e161438/custom-nike-air-force-1-mid-by-you-shoes.png', b'0', 'Strawberry', 147.88, 'z1di2RlAlU', 894),
(36, '2009-10-16 22:26:38', '2020-02-01 16:31:14', 'YRhfx3E6an', 'UJudkUU3dj', 694.11, 'https://static.nike.com/a/images/t_PDP_1280_v1/f_auto,q_auto:eco/fdded470-0ac5-4bd7-b41b-1bb63e161438/custom-nike-air-force-1-mid-by-you-shoes.png', b'0', 'Grape', 360.39, 'F4QcHHgvXp', 303),
(37, '2022-12-27 13:29:49', '2017-06-16 23:13:19', 'j4Asmqc0aA', 'LzO6JfFdaX', 777.01, 'https://static.nike.com/a/images/t_PDP_1280_v1/f_auto,q_auto:eco/fdded470-0ac5-4bd7-b41b-1bb63e161438/custom-nike-air-force-1-mid-by-you-shoes.png', b'0', 'Orange premium', 481.29, 'CSinT2hG5V', 62),
(38, '2000-06-15 03:10:51', '2011-06-22 08:59:42', 'vFgUdsJiyj', 'OtOD9qQhCG', 913.44, 'https://static.nike.com/a/images/t_PDP_1280_v1/f_auto,q_auto:eco/fdded470-0ac5-4bd7-b41b-1bb63e161438/custom-nike-air-force-1-mid-by-you-shoes.png', b'0', 'Mango pi', 127.6, 'xR4JvA2zIK', 456),
(39, '2008-07-28 23:42:31', '2015-03-05 14:26:51', 'Iwvz9CsBUz', 'Kmt7XfOkZH', 498.16, 'https://static.nike.com/a/images/t_PDP_1280_v1/f_auto,q_auto:eco/fdded470-0ac5-4bd7-b41b-1bb63e161438/custom-nike-air-force-1-mid-by-you-shoes.png', b'0', 'Rambuvan', 480.35, 'gd8ZN05DkL', 266),
(40, '2018-10-11 16:42:52', '2015-04-13 21:59:56', 'BddweC9hqK', 'a3rfIig7um', 814.16, 'https://static.nike.com/a/images/t_PDP_1280_v1/f_auto,q_auto:eco/fdded470-0ac5-4bd7-b41b-1bb63e161438/custom-nike-air-force-1-mid-by-you-shoes.png', b'0', 'Apfle', 773.38, 'LfN1VLJLXH', 240),
(41, '2017-06-02 21:54:12', '2013-06-08 00:09:42', 'geuO7jsLvN', 'eKjBRNrMff', 605.62, 'https://static.nike.com/a/images/t_PDP_1280_v1/f_auto,q_auto:eco/fdded470-0ac5-4bd7-b41b-1bb63e161438/custom-nike-air-force-1-mid-by-you-shoes.png', b'0', 'Mango', 193.44, '6qc6uzht6V', 680),
(42, '2001-09-03 14:28:08', '2017-08-10 22:29:09', 'ynoI336Em3', '4WNwDr3nm7', 883.7, 'https://static.nike.com/a/images/t_PDP_1280_v1/f_auto,q_auto:eco/fdded470-0ac5-4bd7-b41b-1bb63e161438/custom-nike-air-force-1-mid-by-you-shoes.png', b'0', 'Mango', 852.06, '5aT7XrTgUx', 191),
(43, '2021-01-17 10:47:33', '2021-06-30 15:46:33', 'oxoGxLktFB', 'IOuxlLiVS1', 985.6, 'https://static.nike.com/a/images/t_PDP_1280_v1/f_auto,q_auto:eco/fdded470-0ac5-4bd7-b41b-1bb63e161438/custom-nike-air-force-1-mid-by-you-shoes.png', b'0', 'Kiwi mini', 721.72, 'OYh60tzc3y', 991),
(44, '2007-02-17 18:25:21', '2002-07-03 02:23:54', 'wPCXZNSK7Q', 'ubLhpMKe9n', 512.46, 'https://static.nike.com/a/images/t_PDP_1280_v1/f_auto,q_auto:eco/fdded470-0ac5-4bd7-b41b-1bb63e161438/custom-nike-air-force-1-mid-by-you-shoes.png', b'0', 'Orange', 741.19, 'A1Q2Oc6hSP', 40),
(45, '2021-02-06 12:19:25', '2013-07-31 16:24:57', '0FIMgLxpsN', '9gCEl9INcM', 288.62, 'https://static.nike.com/a/images/t_PDP_1280_v1/f_auto,q_auto:eco/fdded470-0ac5-4bd7-b41b-1bb63e161438/custom-nike-air-force-1-mid-by-you-shoes.png', b'0', 'xGrape', 493.17, 'o06USC9jmV', 840),
(46, '2001-11-16 03:57:10', '2014-12-22 23:48:13', 'MATbS9IT0Y', 'j8JQdgM2Uh', 671.77, 'https://static.nike.com/a/images/t_PDP_1280_v1/f_auto,q_auto:eco/fdded470-0ac5-4bd7-b41b-1bb63e161438/custom-nike-air-force-1-mid-by-you-shoes.png', b'0', 'Mango', 295.43, 'cJ7Dl6IJf6', 635),
(47, '2023-09-20 12:21:45', '2008-11-10 11:54:50', '2NfRCP0PoZ', 'koyGzRVwQM', 423.91, 'https://static.nike.com/a/images/t_PDP_1280_v1/f_auto,q_auto:eco/fdded470-0ac5-4bd7-b41b-1bb63e161438/custom-nike-air-force-1-mid-by-you-shoes.png', b'0', 'Strawberry', 539.65, 'NUq5ZpnmXD', 9),
(48, '2019-02-17 18:38:09', '2004-08-18 12:58:19', 'QILYyDOsJb', '5UYa01bNJn', 12, 'https://static.nike.com/a/images/t_PDP_1280_v1/f_auto,q_auto:eco/fdded470-0ac5-4bd7-b41b-1bb63e161438/custom-nike-air-force-1-mid-by-you-shoes.png', b'0', 'Raspberky', 279.95, 'mMcqkHQjMd', 622),
(49, '2005-06-19 22:29:11', '2006-09-24 08:34:40', '0A4zqU1e7E', 'erLAHcev4o', 271.44, 'https://static.nike.com/a/images/t_PDP_1280_v1/f_auto,q_auto:eco/fdded470-0ac5-4bd7-b41b-1bb63e161438/custom-nike-air-force-1-mid-by-you-shoes.png', b'0', 'Stiawberry elite', 46.55, 'UjH9Zy1LLd', 754),
(50, '2007-08-10 03:51:01', '2006-12-25 03:56:12', 'cYBHLVK8Ow', 'ifWbLdaOpi', 324.61, 'https://static.nike.com/a/images/t_PDP_1280_v1/f_auto,q_auto:eco/fdded470-0ac5-4bd7-b41b-1bb63e161438/custom-nike-air-force-1-mid-by-you-shoes.png', b'0', 'Kiwi', 387.37, 'zweos33kA7', 211),
(51, '2008-07-07 21:15:51', '2008-02-01 14:29:44', 'loWdk1fgtv', 'LJa6KPGJ7k', 482.4, 'https://static.nike.com/a/images/t_PDP_1280_v1/f_auto,q_auto:eco/fdded470-0ac5-4bd7-b41b-1bb63e161438/custom-nike-air-force-1-mid-by-you-shoes.png', b'0', 'Orange premium', 160.92, 'GKwfPTikZl', 389),
(52, '2022-03-31 19:23:51', '2018-04-06 01:57:51', 'LOnlNexHbi', 'v4mly05AgZ', 477.21, 'https://static.nike.com/a/images/t_PDP_1280_v1/f_auto,q_auto:eco/fdded470-0ac5-4bd7-b41b-1bb63e161438/custom-nike-air-force-1-mid-by-you-shoes.png', b'0', 'iliwi', 277.2, 'gej55JFcZE', 727),
(53, '2017-06-19 10:19:53', '2001-04-10 17:15:34', 'fByfFRR9A2', 'aW2fw8pgyh', 124.99, 'https://static.nike.com/a/images/t_PDP_1280_v1/f_auto,q_auto:eco/fdded470-0ac5-4bd7-b41b-1bb63e161438/custom-nike-air-force-1-mid-by-you-shoes.png', b'0', 'Orange', 680.31, '9jxS6ZiWRq', 76),
(54, '2015-07-04 00:46:14', '2022-12-15 18:00:45', 'HJ7UA99lgi', 'XtxF3TYOSZ', 966.65, 'https://static.nike.com/a/images/t_PDP_1280_v1/f_auto,q_auto:eco/fdded470-0ac5-4bd7-b41b-1bb63e161438/custom-nike-air-force-1-mid-by-you-shoes.png', b'0', 'Pluots', 587.9, 'bszD8Uk6hY', 370),
(55, '2008-07-07 12:28:52', '2022-02-26 18:15:57', '8OJOP1vcrb', 'TxwOdaALlb', 26.4, 'https://static.nike.com/a/images/t_PDP_1280_v1/f_auto,q_auto:eco/fdded470-0ac5-4bd7-b41b-1bb63e161438/custom-nike-air-force-1-mid-by-you-shoes.png', b'0', 'Strawberry pi', 340.61, 'QJBR1MNl80', 701),
(56, '2012-04-04 16:48:25', '2005-06-29 07:45:36', 'rSX42njNeq', 'xyN9XVqmXL', 760.73, 'https://static.nike.com/a/images/t_PDP_1280_v1/f_auto,q_auto:eco/fdded470-0ac5-4bd7-b41b-1bb63e161438/custom-nike-air-force-1-mid-by-you-shoes.png', b'0', 'Grape', 84.27, 'XD7l545IRg', 841),
(57, '2006-10-11 19:55:11', '2000-08-11 02:57:30', '4wgcVY2fSt', 'q9XbmK7xS3', 166.64, 'https://static.nike.com/a/images/t_PDP_1280_v1/f_auto,q_auto:eco/fdded470-0ac5-4bd7-b41b-1bb63e161438/custom-nike-air-force-1-mid-by-you-shoes.png', b'0', 'iPluots', 521.33, 'O91hmblGG5', 708),
(58, '2000-04-18 10:18:09', '2002-11-22 16:27:28', 'vaoG9Hc2ao', 'QGgCmMOezI', 659.7, 'https://static.nike.com/a/images/t_PDP_1280_v1/f_auto,q_auto:eco/fdded470-0ac5-4bd7-b41b-1bb63e161438/custom-nike-air-force-1-mid-by-you-shoes.png', b'0', 'qango air', 173.85, 'lSGNcMsG52', 495),
(59, '2015-11-13 16:07:15', '2013-03-04 04:10:32', 'BCtMfgmeGi', '7IUfhx6FnW', 623.42, 'https://static.nike.com/a/images/t_PDP_1280_v1/f_auto,q_auto:eco/fdded470-0ac5-4bd7-b41b-1bb63e161438/custom-nike-air-force-1-mid-by-you-shoes.png', b'0', 'Raspbarry mini', 286.61, 'auNtchUpPD', 319),
(60, '2022-07-30 07:00:42', '2004-06-20 21:53:19', 'bO4WTGICqu', '7IQxiHYJT8', 209.03, 'https://static.nike.com/a/images/t_PDP_1280_v1/f_auto,q_auto:eco/fdded470-0ac5-4bd7-b41b-1bb63e161438/custom-nike-air-force-1-mid-by-you-shoes.png', b'0', 'Orange', 738.01, 'TpXIOCZcVC', 726),
(61, '2013-05-16 08:28:51', '2005-09-25 08:26:30', 'WusI0SfMqc', 'YEyvXhdSlC', 75.06, 'https://static.nike.com/a/images/t_PDP_1280_v1/f_auto,q_auto:eco/fdded470-0ac5-4bd7-b41b-1bb63e161438/custom-nike-air-force-1-mid-by-you-shoes.png', b'0', 'Grfpe premium', 268.56, 'tmS8OYce3Z', 50),
(62, '2007-06-11 06:41:07', '2012-05-21 01:20:20', 'SIg0UnGkuz', 'HbW9zaQCgg', 308.73, 'https://static.nike.com/a/images/t_PDP_1280_v1/f_auto,q_auto:eco/fdded470-0ac5-4bd7-b41b-1bb63e161438/custom-nike-air-force-1-mid-by-you-shoes.png', b'0', 'Cherry elite', 897.07, '1aP9edmmtU', 871),
(63, '2021-06-12 05:03:57', '2005-09-09 18:07:38', 'pLUmraKIXU', 'EQ3koeYVCv', 723.76, 'https://static.nike.com/a/images/t_PDP_1280_v1/f_auto,q_auto:eco/fdded470-0ac5-4bd7-b41b-1bb63e161438/custom-nike-air-force-1-mid-by-you-shoes.png', b'0', 'ztrawberry', 813.27, '7ZmQZRm5sJ', 874),
(64, '2021-06-23 05:04:40', '2018-09-04 03:00:30', 'x3IMqJIJ0p', 'sBFWgnYvCT', 40.34, 'https://static.nike.com/a/images/t_PDP_1280_v1/f_auto,q_auto:eco/fdded470-0ac5-4bd7-b41b-1bb63e161438/custom-nike-air-force-1-mid-by-you-shoes.png', b'0', 'Strawbergy', 443.62, 'ypdXWUbhn9', 288),
(65, '2016-03-09 14:00:42', '2021-04-10 15:29:15', 'nOqrIDHEtQ', '09kQYBpbva', 408.35, 'https://static.nike.com/a/images/t_PDP_1280_v1/f_auto,q_auto:eco/fdded470-0ac5-4bd7-b41b-1bb63e161438/custom-nike-air-force-1-mid-by-you-shoes.png', b'0', 'atrawberry', 701.24, 'EQWkZIATeL', 108),
(66, '2002-03-14 14:37:49', '2010-10-24 12:18:28', 'vlaHyUf1y1', 'Vq67wmIStY', 365.56, 'https://static.nike.com/a/images/t_PDP_1280_v1/f_auto,q_auto:eco/fdded470-0ac5-4bd7-b41b-1bb63e161438/custom-nike-air-force-1-mid-by-you-shoes.png', b'0', 'Orange', 63.81, 'w14MZUZzSX', 643),
(67, '2010-04-23 03:56:40', '2000-01-22 16:16:11', 'fgvW7Yzme1', 'zIkgismhpc', 868.26, 'https://static.nike.com/a/images/t_PDP_1280_v1/f_auto,q_auto:eco/fdded470-0ac5-4bd7-b41b-1bb63e161438/custom-nike-air-force-1-mid-by-you-shoes.png', b'0', 'Mango', 162.07, 'xsA9TQKMNf', 224),
(68, '2007-11-23 16:18:34', '2001-05-10 09:14:27', 'ttuqpwEO0Y', 'EmcaiSwD4H', 869.29, 'https://static.nike.com/a/images/t_PDP_1280_v1/f_auto,q_auto:eco/fdded470-0ac5-4bd7-b41b-1bb63e161438/custom-nike-air-force-1-mid-by-you-shoes.png', b'0', 'omni-Oraege', 292.33, 'cGanB90Y07', 221),
(69, '2007-07-11 17:07:00', '2022-04-13 04:40:08', '132uUpC062', '2SGjnPqddt', 583.49, 'https://static.nike.com/a/images/t_PDP_1280_v1/f_auto,q_auto:eco/fdded470-0ac5-4bd7-b41b-1bb63e161438/custom-nike-air-force-1-mid-by-you-shoes.png', b'0', 'Orange', 863.39, 'mhdkzEcVgB', 948),
(70, '2018-07-15 05:24:25', '2023-09-10 23:23:29', 'xAE2Dt9Mkf', 'rymsBEKtRR', 755.58, 'https://static.nike.com/a/images/t_PDP_1280_v1/f_auto,q_auto:eco/fdded470-0ac5-4bd7-b41b-1bb63e161438/custom-nike-air-force-1-mid-by-you-shoes.png', b'0', 'Afple', 793.7, 'GHCTNpkWCT', 947),
(71, '2002-10-29 08:11:00', '2013-03-15 16:24:57', 'gWcRB2O05k', '7QAgdYylgM', 91.71, 'https://static.nike.com/a/images/t_PDP_1280_v1/f_auto,q_auto:eco/fdded470-0ac5-4bd7-b41b-1bb63e161438/custom-nike-air-force-1-mid-by-you-shoes.png', b'0', 'ultra-Kiwi', 921.68, 'rm1DE1dKRI', 221),
(72, '2022-12-23 11:15:28', '2001-12-04 04:53:33', 'mqcUksmyFZ', 'mYQbcJFe4b', 930.11, 'https://static.nike.com/a/images/t_PDP_1280_v1/f_auto,q_auto:eco/fdded470-0ac5-4bd7-b41b-1bb63e161438/custom-nike-air-force-1-mid-by-you-shoes.png', b'0', 'atrawberry', 128.72, 'zBjO9d9pF1', 561),
(73, '2020-03-09 23:42:34', '2009-11-10 18:49:37', 'qCii4gtOan', '9xs4UjLKbV', 894.82, 'https://static.nike.com/a/images/t_PDP_1280_v1/f_auto,q_auto:eco/fdded470-0ac5-4bd7-b41b-1bb63e161438/custom-nike-air-force-1-mid-by-you-shoes.png', b'0', 'Apple se', 690.99, 'bauosRaG14', 631),
(74, '2009-08-27 07:03:24', '2020-05-03 20:13:00', 'Vox1gpKfyr', 'tbLO2uMpE3', 382.42, 'https://static.nike.com/a/images/t_PDP_1280_v1/f_auto,q_auto:eco/fdded470-0ac5-4bd7-b41b-1bb63e161438/custom-nike-air-force-1-mid-by-you-shoes.png', b'0', 'mluots pro', 390.34, 'KbEDRFcFqw', 9),
(75, '2010-10-05 20:10:38', '2009-10-02 15:13:12', 'OYmCwkN1xM', 'abRRrC6K2H', 477.07, 'https://static.nike.com/a/images/t_PDP_1280_v1/f_auto,q_auto:eco/fdded470-0ac5-4bd7-b41b-1bb63e161438/custom-nike-air-force-1-mid-by-you-shoes.png', b'0', 'Mango', 474.79, '63iW5u8kto', 216),
(76, '2018-01-08 05:20:14', '2003-02-13 02:16:30', 'q1QNNru4EW', 'yAZp2lbSvr', 159.43, 'https://static.nike.com/a/images/t_PDP_1280_v1/f_auto,q_auto:eco/fdded470-0ac5-4bd7-b41b-1bb63e161438/custom-nike-air-force-1-mid-by-you-shoes.png', b'0', 'giwi core', 696.92, 'FIVKsDDpSA', 521),
(77, '2020-09-26 13:09:10', '2012-05-08 06:07:08', '0zfXTjbyxg', 'nlsWZXHtK4', 796.16, 'https://static.nike.com/a/images/t_PDP_1280_v1/f_auto,q_auto:eco/fdded470-0ac5-4bd7-b41b-1bb63e161438/custom-nike-air-force-1-mid-by-you-shoes.png', b'0', 'Orange', 143.61, 'eRQOSzbhYX', 381),
(78, '2015-05-25 00:36:22', '2000-10-10 01:18:36', '4EDqTFSGVI', '1E2Eyg9zO1', 697.46, 'https://static.nike.com/a/images/t_PDP_1280_v1/f_auto,q_auto:eco/fdded470-0ac5-4bd7-b41b-1bb63e161438/custom-nike-air-force-1-mid-by-you-shoes.png', b'0', 'Mango mini', 939.86, '11OJ7jixTc', 449),
(79, '2008-03-17 18:18:07', '2011-06-06 20:14:28', 'G9uHSERlda', 'Fi3POscu0U', 664.19, 'https://static.nike.com/a/images/t_PDP_1280_v1/f_auto,q_auto:eco/fdded470-0ac5-4bd7-b41b-1bb63e161438/custom-nike-air-force-1-mid-by-you-shoes.png', b'0', 'Grdpe premium', 109.85, 'EL878l6FEL', 177),
(80, '2021-06-16 08:22:08', '2011-01-22 00:41:51', 'LIHNoh8UG7', '9B7GNnjXeI', 473.95, 'https://static.nike.com/a/images/t_PDP_1280_v1/f_auto,q_auto:eco/fdded470-0ac5-4bd7-b41b-1bb63e161438/custom-nike-air-force-1-mid-by-you-shoes.png', b'0', 'Raspberry', 942.3, 'dWPT9h5WcC', 737),
(81, '2008-02-26 07:00:10', '2019-07-12 16:36:48', 'xLXBB0Ne47', 'abut65NwH7', 579.01, 'https://static.nike.com/a/images/t_PDP_1280_v1/f_auto,q_auto:eco/fdded470-0ac5-4bd7-b41b-1bb63e161438/custom-nike-air-force-1-mid-by-you-shoes.png', b'0', 'Raspberry', 257.77, 'ZwqhpbMqBN', 908),
(82, '2017-10-15 10:12:03', '2008-03-29 08:15:10', 'l5V6p1c8Rl', '42Yy18MBaB', 454.17, 'https://static.nike.com/a/images/t_PDP_1280_v1/f_auto,q_auto:eco/fdded470-0ac5-4bd7-b41b-1bb63e161438/custom-nike-air-force-1-mid-by-you-shoes.png', b'0', 'aherry', 357.92, 'FdVHK304eC', 585),
(83, '2002-10-02 07:26:00', '2003-03-24 08:50:19', 'J1EYHI75ui', 'wk9AKkehos', 169.11, 'https://static.nike.com/a/images/t_PDP_1280_v1/f_auto,q_auto:eco/fdded470-0ac5-4bd7-b41b-1bb63e161438/custom-nike-air-force-1-mid-by-you-shoes.png', b'0', 'Mango air', 591.52, 'zFSGO7Y58b', 662),
(84, '2013-06-14 09:37:17', '2009-07-07 22:51:26', 'LLJccV3NTH', 'KZaeErBjza', 443.45, 'https://static.nike.com/a/images/t_PDP_1280_v1/f_auto,q_auto:eco/fdded470-0ac5-4bd7-b41b-1bb63e161438/custom-nike-air-force-1-mid-by-you-shoes.png', b'0', 'Rasaberry pi', 727.61, 'w7HFjVS0mt', 696),
(85, '2017-01-24 08:00:39', '2018-09-10 00:04:26', 'iUMWelKwG2', 'NXNxDUwjS2', 566.82, 'https://static.nike.com/a/images/t_PDP_1280_v1/f_auto,q_auto:eco/fdded470-0ac5-4bd7-b41b-1bb63e161438/custom-nike-air-force-1-mid-by-you-shoes.png', b'0', 'Apple', 513.94, '7NK9Vl3tli', 441),
(86, '2023-08-19 18:36:13', '2008-04-24 02:10:55', '5mnUOz5gjw', '5YNNdLFH6n', 51.86, 'https://static.nike.com/a/images/t_PDP_1280_v1/f_auto,q_auto:eco/fdded470-0ac5-4bd7-b41b-1bb63e161438/custom-nike-air-force-1-mid-by-you-shoes.png', b'0', 'Strawberry elite', 726.1, 'qajEEIB1jh', 321),
(87, '2015-04-22 12:10:26', '2014-05-30 23:37:37', 'vE4zf2WHsq', 'p800dWdDtJ', 804.25, 'https://static.nike.com/a/images/t_PDP_1280_v1/f_auto,q_auto:eco/fdded470-0ac5-4bd7-b41b-1bb63e161438/custom-nike-air-force-1-mid-by-you-shoes.png', b'0', 'Cherqy', 409.17, 'eumRzZm5QI', 898),
(88, '2011-09-06 07:38:21', '2019-06-14 12:29:34', 'TTdi4mNMzt', 'bSQP4e3ylD', 686.23, 'https://static.nike.com/a/images/t_PDP_1280_v1/f_auto,q_auto:eco/fdded470-0ac5-4bd7-b41b-1bb63e161438/custom-nike-air-force-1-mid-by-you-shoes.png', b'0', 'iuiwi', 279.28, 'LqbhcUxW6X', 664),
(89, '2007-10-25 13:58:31', '2016-12-31 11:47:31', 'EkQjRC1ldX', '32jzXElLGX', 728.21, 'https://static.nike.com/a/images/t_PDP_1280_v1/f_auto,q_auto:eco/fdded470-0ac5-4bd7-b41b-1bb63e161438/custom-nike-air-force-1-mid-by-you-shoes.png', b'0', 'Rambutan', 867.07, 'GRyt62LDfV', 729),
(90, '2011-08-14 12:44:24', '2014-04-19 13:35:18', 'CXMdWY0EtU', 'eFJ4aD7mdw', 210.93, 'https://static.nike.com/a/images/t_PDP_1280_v1/f_auto,q_auto:eco/fdded470-0ac5-4bd7-b41b-1bb63e161438/custom-nike-air-force-1-mid-by-you-shoes.png', b'0', 'Ralpberry se', 713.05, 'WBxcXwl3Fx', 74),
(91, '2023-07-13 20:18:20', '2009-12-11 02:11:17', 'hbxLYvdNWn', 'L9ivKEPWRn', 878.85, 'https://static.nike.com/a/images/t_PDP_1280_v1/f_auto,q_auto:eco/fdded470-0ac5-4bd7-b41b-1bb63e161438/custom-nike-air-force-1-mid-by-you-shoes.png', b'0', 'Pluots premium', 201.64, 'Gs0ldkIlno', 558),
(92, '2003-12-12 06:49:27', '2019-07-08 21:53:37', 'IOmiMRR1eo', 'dm9DrMBNgY', 839.78, 'https://static.nike.com/a/images/t_PDP_1280_v1/f_auto,q_auto:eco/fdded470-0ac5-4bd7-b41b-1bb63e161438/custom-nike-air-force-1-mid-by-you-shoes.png', b'0', 'easpberry se', 231.6, '6OY0z8fbyh', 531),
(93, '2003-03-08 15:30:08', '2019-11-04 12:24:49', 'Gf0v0OsM9C', 'cG5Peu9YNS', 28.69, 'https://static.nike.com/a/images/t_PDP_1280_v1/f_auto,q_auto:eco/fdded470-0ac5-4bd7-b41b-1bb63e161438/custom-nike-air-force-1-mid-by-you-shoes.png', b'0', 'Stravberry air', 393.8, 'XbYLNRIa7g', 29),
(94, '2007-02-04 14:34:36', '2021-04-19 10:43:57', '6cqscyKV8J', '6D2jGrHGZs', 740.24, 'https://static.nike.com/a/images/t_PDP_1280_v1/f_auto,q_auto:eco/fdded470-0ac5-4bd7-b41b-1bb63e161438/custom-nike-air-force-1-mid-by-you-shoes.png', b'0', 'Orange', 803.79, 'NuGMOsczzt', 797),
(95, '2004-11-30 18:52:51', '2021-07-20 07:07:18', '8lFnfAlE8v', 'YdAKdQeZMR', 842.23, 'https://static.nike.com/a/images/t_PDP_1280_v1/f_auto,q_auto:eco/fdded470-0ac5-4bd7-b41b-1bb63e161438/custom-nike-air-force-1-mid-by-you-shoes.png', b'0', 'jtrawberry premium', 870.85, '1xdu21jOU1', 280),
(96, '2015-07-21 12:40:45', '2004-07-10 21:30:00', 'bCZVn56vJ0', 'A4OQcZtMFS', 894.81, 'https://static.nike.com/a/images/t_PDP_1280_v1/f_auto,q_auto:eco/fdded470-0ac5-4bd7-b41b-1bb63e161438/custom-nike-air-force-1-mid-by-you-shoes.png', b'0', 'ultra-Cheory', 199.19, 'GpfaTcMQVu', 496),
(97, '2008-12-06 04:42:05', '2023-08-29 21:01:40', 'FQiTUmWEb1', 'pvDUCmueKQ', 941.8, 'https://static.nike.com/a/images/t_PDP_1280_v1/f_auto,q_auto:eco/fdded470-0ac5-4bd7-b41b-1bb63e161438/custom-nike-air-force-1-mid-by-you-shoes.png', b'0', 'Strawbrrry', 470.32, 'ipF0jkvNWg', 663),
(98, '2020-03-06 02:06:29', '2011-11-03 17:52:10', 'llJs4KfQ9H', 'BQt8z9jRip', 253.01, 'https://static.nike.com/a/images/t_PDP_1280_v1/f_auto,q_auto:eco/fdded470-0ac5-4bd7-b41b-1bb63e161438/custom-nike-air-force-1-mid-by-you-shoes.png', b'0', 'Grype pro', 838.99, 'sIPeRsN7kB', 185),
(99, '2009-09-02 21:42:29', '2007-10-25 10:52:42', 'wsKWDEoTKZ', 'YdNj5xgt2C', 202.88, 'https://static.nike.com/a/images/t_PDP_1280_v1/f_auto,q_auto:eco/fdded470-0ac5-4bd7-b41b-1bb63e161438/custom-nike-air-force-1-mid-by-you-shoes.png', b'0', 'xCheyry', 943.12, 'J1Js0dfWtf', 571),
(100, '2014-05-03 22:25:28', '2004-11-17 05:38:30', 'Mk9SV1wZDp', 'XRNgAv3aHk', 57.43, 'https://static.nike.com/a/images/t_PDP_1280_v1/f_auto,q_auto:eco/fdded470-0ac5-4bd7-b41b-1bb63e161438/custom-nike-air-force-1-mid-by-you-shoes.png', b'0', 'Kmwi elite', 556.69, 'wf4gAYv7tN', 362);

-- --------------------------------------------------------

--
-- Cấu trúc bảng cho bảng `product_detail`
--

CREATE TABLE `product_detail` (
  `id` bigint(20) NOT NULL,
  `is_delete` bit(1) DEFAULT NULL,
  `quantity` bigint(20) DEFAULT NULL,
  `id_product` bigint(20) DEFAULT NULL,
  `id_property` bigint(20) DEFAULT NULL,
  `id_size` bigint(20) DEFAULT NULL,
  `product_id` bigint(20) DEFAULT NULL
) ENGINE=InnoDB DEFAULT CHARSET=utf8mb4;

--
-- Đang đổ dữ liệu cho bảng `product_detail`
--

INSERT INTO `product_detail` (`id`, `is_delete`, `quantity`, `id_product`, `id_property`, `id_size`, `product_id`) VALUES
(2, b'0', 157, 1, 86, 56, NULL),
(3, b'0', 551, 22, 32, 77, NULL),
(4, b'0', 200, 33, 82, 35, NULL),
(5, b'0', 818, 39, 91, 84, NULL),
(6, b'0', 883, 1, 56, 85, NULL),
(7, b'0', 349, 13, 31, 81, NULL),
(8, b'0', 480, 1, 47, 39, NULL),
(9, b'0', 408, 66, 29, 21, NULL),
(10, b'0', 557, 69, 99, 21, NULL),
(11, b'0', 531, 69, 30, 1, NULL),
(12, b'0', 849, 86, 32, 22, NULL),
(13, b'0', 686, 26, 11, 64, NULL),
(14, b'0', 162, 17, 12, 69, NULL),
(15, b'0', 388, 27, 84, 22, NULL),
(16, b'0', 275, 58, 67, 96, NULL),
(17, b'0', 331, 15, 66, 81, NULL),
(18, b'0', 74, 52, 73, 70, NULL),
(19, b'0', 99, 22, 78, 2, NULL),
(20, b'0', 852, 52, 30, 35, NULL),
(21, b'0', 291, 63, 38, 8, NULL),
(22, b'0', 550, 49, 58, 37, NULL),
(23, b'0', 982, 64, 41, 89, NULL),
(24, b'0', 48, 72, 71, 43, NULL),
(25, b'0', 999, 70, 41, 82, NULL),
(26, b'0', 231, 56, 63, 87, NULL),
(27, b'0', 932, 48, 65, 73, NULL),
(28, b'0', 353, 18, 90, 59, NULL),
(29, b'0', 711, 52, 68, 14, NULL),
(30, b'0', 976, 18, 55, 43, NULL),
(31, b'0', 705, 95, 26, 12, NULL),
(32, b'0', 442, 22, 68, 5, NULL),
(33, b'0', 118, 10, 4, 56, NULL),
(34, b'0', 79, 12, 93, 80, NULL),
(35, b'0', 92, 42, 70, 8, NULL),
(36, b'0', 455, 33, 30, 78, NULL),
(37, b'0', 389, 26, 98, 74, NULL),
(38, b'0', 577, 92, 7, 72, NULL),
(39, b'0', 419, 72, 74, 34, NULL),
(40, b'0', 649, 57, 25, 42, NULL),
(41, b'0', 351, 20, 19, 72, NULL),
(42, b'0', 324, 75, 23, 86, NULL),
(43, b'0', 629, 17, 34, 40, NULL),
(44, b'0', 342, 9, 48, 25, NULL),
(45, b'0', 149, 21, 81, 77, NULL),
(46, b'0', 907, 42, 76, 76, NULL),
(47, b'0', 656, 25, 60, 27, NULL),
(48, b'0', 172, 11, 18, 67, NULL),
(49, b'0', 94, 81, 65, 60, NULL),
(50, b'0', 931, 92, 83, 8, NULL),
(51, b'0', 50, 51, 49, 29, NULL),
(52, b'0', 733, 73, 45, 68, NULL),
(53, b'0', 897, 51, 43, 65, NULL),
(54, b'0', 202, 54, 22, 99, NULL),
(55, b'0', 156, 60, 79, 98, NULL),
(56, b'0', 846, 78, 20, 82, NULL),
(57, b'0', 543, 65, 55, 43, NULL),
(58, b'0', 10, 68, 55, 58, NULL),
(59, b'0', 332, 11, 97, 2, NULL),
(60, b'0', 164, 11, 41, 71, NULL),
(61, b'0', 275, 24, 17, 25, NULL),
(62, b'0', 448, 34, 83, 5, NULL),
(63, b'0', 637, 9, 7, 76, NULL),
(64, b'0', 372, 99, 97, 75, NULL),
(65, b'0', 882, 91, 75, 16, NULL),
(66, b'0', 390, 77, 56, 54, NULL),
(67, b'0', 633, 32, 36, 71, NULL),
(68, b'0', 458, 15, 19, 64, NULL),
(69, b'0', 269, 97, 21, 62, NULL),
(70, b'0', 748, 100, 45, 33, NULL),
(71, b'0', 909, 1, 89, 93, NULL),
(72, b'0', 77, 18, 72, 46, NULL),
(73, b'0', 727, 92, 65, 47, NULL),
(74, b'0', 899, 29, 5, 14, NULL),
(75, b'0', 727, 37, 85, 65, NULL),
(76, b'0', 157, 73, 64, 64, NULL),
(77, b'0', 182, 98, 5, 75, NULL),
(78, b'0', 546, 84, 31, 20, NULL),
(79, b'0', 651, 83, 47, 95, NULL),
(80, b'0', 679, 31, 62, 73, NULL),
(81, b'0', 610, 17, 77, 42, NULL),
(82, b'0', 660, 29, 84, 83, NULL),
(83, b'0', 823, 83, 20, 98, NULL),
(84, b'0', 599, 79, 89, 22, NULL),
(85, b'0', 909, 10, 47, 78, NULL),
(86, b'0', 640, 4, 32, 80, NULL),
(87, b'0', 730, 13, 28, 78, NULL),
(88, b'0', 463, 50, 83, 16, NULL),
(89, b'0', 711, 63, 33, 1, NULL),
(90, b'0', 887, 61, 22, 42, NULL),
(91, b'0', 892, 32, 60, 79, NULL),
(92, b'0', 128, 65, 95, 77, NULL),
(93, b'0', 18, 28, 29, 13, NULL),
(94, b'0', 302, 58, 76, 58, NULL),
(95, b'0', 772, 87, 25, 22, NULL),
(96, b'0', 644, 39, 84, 89, NULL),
(97, b'0', 744, 3, 76, 31, NULL),
(98, b'0', 392, 89, 27, 72, NULL),
(99, b'0', 375, 66, 12, 31, NULL),
(100, b'0', 771, 54, 3, 39, NULL);

-- --------------------------------------------------------

--
-- Cấu trúc bảng cho bảng `property`
--

CREATE TABLE `property` (
  `id_property` bigint(20) NOT NULL,
  `is_delete` bit(1) DEFAULT NULL,
  `name` varchar(255) DEFAULT NULL
) ENGINE=InnoDB DEFAULT CHARSET=utf8mb4;

--
-- Đang đổ dữ liệu cho bảng `property`
--

INSERT INTO `property` (`id_property`, `is_delete`, `name`) VALUES
(1, b'0', 'Joan Ward'),
(2, b'0', 'Wang Zitao'),
(3, b'0', 'Lam Yun Fat'),
(4, b'0', 'Sakamoto Itsuki'),
(5, b'0', 'Choi Ka Fai'),
(6, b'0', 'Kojima Airi'),
(7, b'0', 'Kimura Daichi'),
(8, b'0', 'Zhou Xiaoming'),
(9, b'0', 'Martin Mason'),
(10, b'0', 'Siu Hiu Tung'),
(11, b'0', 'Endo Yuito'),
(12, b'0', 'Saito Kasumi'),
(13, b'0', 'Tong Wing Kuen'),
(14, b'0', 'Man On Kay'),
(15, b'0', 'Ethel Martin'),
(16, b'0', 'Lee Mason'),
(17, b'0', 'Sakurai Miu'),
(18, b'0', 'Hayashi Kazuma'),
(19, b'0', 'Gao Rui'),
(20, b'0', 'Gu Yunxi'),
(21, b'0', 'Cao Xiuying'),
(22, b'0', 'Carmen Roberts'),
(23, b'0', 'Tang Yuning'),
(24, b'0', 'Chin Tin Wing'),
(25, b'0', 'Yuan Zhiyuan'),
(26, b'0', 'Li Zitao'),
(27, b'0', 'Miyazaki Hikari'),
(28, b'0', 'Martin Morris'),
(29, b'0', 'Murakami Ayato'),
(30, b'0', 'Li Zhennan'),
(31, b'0', 'Lok Kwok Yin'),
(32, b'0', 'Yip Ching Wan'),
(33, b'0', 'Pang Ming Sze'),
(34, b'0', 'Ying Tak Wah'),
(35, b'0', 'Wei Ziyi'),
(36, b'0', 'Wang Jialun'),
(37, b'0', 'Jia Rui'),
(38, b'0', 'Takeda Airi'),
(39, b'0', 'Mao Zitao'),
(40, b'0', 'Chow Fu Shing'),
(41, b'0', 'Tanaka Rena'),
(42, b'0', 'Ryan Wells'),
(43, b'0', 'Jia Yuning'),
(44, b'0', 'Cheng Zhiyuan'),
(45, b'0', 'Fan Chi Ming'),
(46, b'0', 'Liao Anqi'),
(47, b'0', 'Pan Xiaoming'),
(48, b'0', 'Xiao Lan'),
(49, b'0', 'Imai Rena'),
(50, b'0', 'Shi Jiehong'),
(51, b'0', 'Yau On Na'),
(52, b'0', 'Morita Yuna'),
(53, b'0', 'Pang Kar Yan'),
(54, b'0', 'Yang Lan'),
(55, b'0', 'Nakamori Daisuke'),
(56, b'0', 'Ono Airi'),
(57, b'0', 'Jia Zhennan'),
(58, b'0', 'Cheng Jiehong'),
(59, b'0', 'Ye Zhennan'),
(60, b'0', 'Hou Xiuying'),
(61, b'0', 'Vincent Morales'),
(62, b'0', 'Benjamin Ortiz'),
(63, b'0', 'Mok Wing Sze'),
(64, b'0', 'Long Jiehong'),
(65, b'0', 'Luo Yunxi'),
(66, b'0', 'Ueda Misaki'),
(67, b'0', 'Doris Washington'),
(68, b'0', 'Heather Harrison'),
(69, b'0', 'Shimada Itsuki'),
(70, b'0', 'Gerald Castro'),
(71, b'0', 'Yung Sze Yu'),
(72, b'0', 'Liu Ziyi'),
(73, b'0', 'Josephine Edwards'),
(74, b'0', 'Ann Foster'),
(75, b'0', 'Carol Brooks'),
(76, b'0', 'Kwan Siu Wai'),
(77, b'0', 'Aoki Takuya'),
(78, b'0', 'Janice Green'),
(79, b'0', 'Rita James'),
(80, b'0', 'Lawrence Munoz'),
(81, b'0', 'Okamoto Airi'),
(82, b'0', 'Gregory Hamilton'),
(83, b'0', 'Ogawa Daichi'),
(84, b'0', 'Josephine Howard'),
(85, b'0', 'Meng Xiuying'),
(86, b'0', 'Han Yu Ling'),
(87, b'0', 'Brandon Kennedy'),
(88, b'0', 'Chow Ming'),
(89, b'0', 'He Xiuying'),
(90, b'0', 'Manuel Sanders'),
(91, b'0', 'Ho Lik Sun'),
(92, b'0', 'Lok Kwok Yin'),
(93, b'0', 'Shao Zhennan'),
(94, b'0', 'Nishimura Riku'),
(95, b'0', 'Yuan Yuning'),
(96, b'0', 'Meng Anqi'),
(97, b'0', 'Tang Ziyi'),
(98, b'0', 'Jiang Zitao'),
(99, b'0', 'Xu Lan'),
(100, b'0', 'Denise Nichols');

-- --------------------------------------------------------

--
-- Cấu trúc bảng cho bảng `roles`
--

CREATE TABLE `roles` (
  `id` int(11) NOT NULL,
  `name` varchar(20) DEFAULT NULL
) ENGINE=InnoDB DEFAULT CHARSET=utf8mb4;

--
-- Đang đổ dữ liệu cho bảng `roles`
--

INSERT INTO `roles` (`id`, `name`) VALUES
(1, 'ROLE_ADMIN'),
(2, 'ROLE_USER'),
(3, 'ROLE_GUEST');

-- --------------------------------------------------------

--
-- Cấu trúc bảng cho bảng `size`
--

CREATE TABLE `size` (
  `id` bigint(20) NOT NULL,
  `is_delete` bit(1) DEFAULT NULL,
  `name` varchar(255) DEFAULT NULL
) ENGINE=InnoDB DEFAULT CHARSET=utf8mb4;

--
-- Đang đổ dữ liệu cho bảng `size`
--

INSERT INTO `size` (`id`, `is_delete`, `name`) VALUES
(1, b'0', 'Janice James'),
(2, b'0', 'Yeung Cho Yee'),
(3, b'0', 'Zeng Jialun'),
(4, b'0', 'Anne Aguilar'),
(5, b'0', 'Au Ming Sze'),
(6, b'0', 'Anne Rogers'),
(7, b'0', 'Iwasaki Mai'),
(8, b'0', 'Qin Zhiyuan'),
(9, b'0', 'Chung Tsz Ching'),
(10, b'0', 'Yeung Hui Mei'),
(11, b'0', 'Ho Tin Lok'),
(12, b'0', 'Cheung Sum Wing'),
(13, b'0', 'Ren Jialun'),
(14, b'0', 'Yuan Lu'),
(15, b'0', 'Lam Wing Fat'),
(16, b'0', 'Yeow Chi Yuen'),
(17, b'0', 'Zeng Jiehong'),
(18, b'0', 'Yip Ka Keung'),
(19, b'0', 'Fan Xiaoming'),
(20, b'0', 'Tin Lik Sun'),
(21, b'0', 'Jiang Lan'),
(22, b'0', 'Yamazaki Kasumi'),
(23, b'0', 'Phyllis Ferguson'),
(24, b'0', 'Choi Ching Wan'),
(25, b'0', 'Joyce Stevens'),
(26, b'0', 'Melissa Robinson'),
(27, b'0', 'Fan Ka Ming'),
(28, b'0', 'Sano Ayato'),
(29, b'0', 'Yue Tin Wing'),
(30, b'0', 'Amber Tran'),
(31, b'0', 'Wei Yuning'),
(32, b'0', 'Mark Cook'),
(33, b'0', 'Sun Yuning'),
(34, b'0', 'Hui Lik Sun'),
(35, b'0', 'Fujiwara Momoe'),
(36, b'0', 'Tang On Kay'),
(37, b'0', 'Kevin Ellis'),
(38, b'0', 'Long Zhiyuan'),
(39, b'0', 'Kao Chi Yuen'),
(40, b'0', 'Nomura Mai'),
(41, b'0', 'Zhou Zitao'),
(42, b'0', 'Cheung Chung Yin'),
(43, b'0', 'Sheh Chun Yu'),
(44, b'0', 'Gu Xiaoming'),
(45, b'0', 'Fujiwara Hazuki'),
(46, b'0', 'Tang Anqi'),
(47, b'0', 'Hou Xiaoming'),
(48, b'0', 'Yamaguchi Tsubasa'),
(49, b'0', 'Tiffany Bryant'),
(50, b'0', 'Inoue Itsuki'),
(51, b'0', 'Tsui Wai Han'),
(52, b'0', 'Nakayama Yuto'),
(53, b'0', 'Mok Hok Yau'),
(54, b'0', 'Glenn Henderson'),
(55, b'0', 'Mo Shihan'),
(56, b'0', 'Laura Castro'),
(57, b'0', 'Juan Morris'),
(58, b'0', 'Kwan Chung Yin'),
(59, b'0', 'Ma Xiuying'),
(60, b'0', 'Ti Wai Lam'),
(61, b'0', 'Matsumoto Daisuke'),
(62, b'0', 'Xu Yunxi'),
(63, b'0', 'Angela Long'),
(64, b'0', 'Jiang Xiuying'),
(65, b'0', 'Ogawa Daichi'),
(66, b'0', 'Kong Siu Wai'),
(67, b'0', 'Maria Mendoza'),
(68, b'0', 'Joan Tran'),
(69, b'0', 'Tang Xiaoming'),
(70, b'0', 'Yip Wing Fat'),
(71, b'0', 'Ku Chi Yuen'),
(72, b'0', 'Fukuda Momoka'),
(73, b'0', 'Barbara Hernandez'),
(74, b'0', 'Endo Daichi'),
(75, b'0', 'Hung Chiu Wai'),
(76, b'0', 'Miura Rin'),
(77, b'0', 'Takahashi Ren'),
(78, b'0', 'Masuda Hazuki'),
(79, b'0', 'Su Zitao'),
(80, b'0', 'David Hernandez'),
(81, b'0', 'Judy Young'),
(82, b'0', 'Matsuda Ikki'),
(83, b'0', 'Ikeda Hikaru'),
(84, b'0', 'Miu Chieh Lun'),
(85, b'0', 'Linda Hicks'),
(86, b'0', 'Huang Yunxi'),
(87, b'0', 'Kato Minato'),
(88, b'0', 'Maeda Aoi'),
(89, b'0', 'Fred Diaz'),
(90, b'0', 'Chung Lik Sun'),
(91, b'0', 'Mori Hana'),
(92, b'0', 'Sugiyama Airi'),
(93, b'0', 'Ti Ho Yin'),
(94, b'0', 'Jean Wallace'),
(95, b'0', 'Hu Yunxi'),
(96, b'0', 'Kimberly Kennedy'),
(97, b'0', 'Joe Ramirez'),
(98, b'0', 'Miu Chun Yu'),
(99, b'0', 'Shen Yuning'),
(100, b'0', 'Chris Soto');

-- --------------------------------------------------------

--
-- Cấu trúc bảng cho bảng `stride_style_pay`
--

CREATE TABLE `stride_style_pay` (
  `id` bigint(20) NOT NULL,
  `id_customer` bigint(20) DEFAULT NULL,
  `is_delete` bit(1) DEFAULT NULL,
  `surplus` double DEFAULT NULL
) ENGINE=InnoDB DEFAULT CHARSET=utf8mb4;

--
-- Đang đổ dữ liệu cho bảng `stride_style_pay`
--

INSERT INTO `stride_style_pay` (`id`, `id_customer`, `is_delete`, `surplus`) VALUES
(1, 59, b'0', 197.87),
(2, 68, b'0', 435.41),
(3, 81, b'0', 584.4),
(4, 6, b'0', 807.04),
(5, 93, b'0', 870.23),
(6, 54, b'0', 356.62),
(7, 44, b'0', 42.64),
(8, 17, b'0', 193.26),
(9, 98, b'0', 685.14),
(10, 73, b'0', 554.39),
(11, 24, b'0', 324.61),
(12, 3, b'0', 713.47),
(13, 15, b'0', 834.02),
(14, 6, b'0', 294.61),
(15, 97, b'0', 927.88),
(16, 8, b'0', 557.21),
(17, 56, b'0', 92.77),
(18, 71, b'0', 919.26),
(19, 10, b'0', 164.35),
(20, 62, b'0', 869.16),
(21, 95, b'0', 889.19),
(22, 85, b'0', 543.54),
(23, 52, b'0', 608.21),
(24, 63, b'0', 171.61),
(25, 37, b'0', 527.13),
(26, 55, b'0', 667.77),
(27, 23, b'0', 709.45),
(28, 6, b'0', 906.53),
(29, 55, b'0', 491.94),
(30, 58, b'0', 388.78),
(31, 41, b'0', 416.14),
(32, 92, b'0', 146.96),
(33, 95, b'0', 522.25),
(34, 8, b'0', 435.44),
(35, 92, b'0', 40.06),
(36, 27, b'0', 349.87),
(37, 83, b'0', 630.63),
(38, 2, b'0', 304.94),
(39, 13, b'0', 550.21),
(40, 54, b'0', 148.43),
(41, 81, b'0', 898.83),
(42, 10, b'0', 528.36),
(43, 23, b'0', 246.15),
(44, 33, b'0', 351.45),
(45, 72, b'0', 593.07),
(46, 23, b'0', 280.37),
(47, 17, b'0', 879.44),
(48, 36, b'0', 47.15),
(49, 49, b'0', 428.45),
(50, 51, b'0', 887.32),
(51, 73, b'0', 252.33),
(52, 37, b'0', 259.47),
(53, 94, b'0', 879.82),
(54, 45, b'0', 834.29),
(55, 40, b'0', 766.15),
(56, 9, b'0', 479.08),
(57, 95, b'0', 426.55),
(58, 65, b'0', 903.63),
(59, 32, b'0', 781.01),
(60, 49, b'0', 609.02),
(61, 37, b'0', 348.31),
(62, 64, b'0', 972.37),
(63, 47, b'0', 413.65),
(64, 78, b'0', 921.63),
(65, 76, b'0', 580.34),
(66, 63, b'0', 686.31),
(67, 70, b'0', 414.54),
(68, 85, b'0', 175.45),
(69, 98, b'0', 444.59),
(70, 79, b'0', 743.39),
(71, 78, b'0', 476.49),
(72, 92, b'0', 415.45),
(73, 59, b'0', 697.86),
(74, 94, b'0', 182.23),
(75, 13, b'0', 901.48),
(76, 89, b'0', 65.88),
(77, 70, b'0', 587.39),
(78, 65, b'0', 642.95),
(79, 13, b'0', 866.34),
(80, 97, b'0', 569.23),
(81, 97, b'0', 682.68),
(82, 54, b'0', 918.3),
(83, 64, b'0', 783.38),
(84, 75, b'0', 736.75),
(85, 74, b'0', 551.29),
(86, 75, b'0', 573.09),
(87, 92, b'0', 664.57),
(88, 24, b'0', 853.14),
(89, 66, b'0', 400.41),
(90, 49, b'0', 988.54),
(91, 51, b'0', 447.66),
(92, 66, b'0', 423.13),
(93, 2, b'0', 622.37),
(94, 4, b'0', 587.52),
(95, 59, b'0', 919.7),
(96, 21, b'0', 926.03),
(97, 53, b'0', 572.98),
(98, 68, b'0', 493.28),
(99, 41, b'0', 98.46),
(100, 75, b'0', 607.8);

-- --------------------------------------------------------

--
-- Cấu trúc bảng cho bảng `users`
--

CREATE TABLE `users` (
  `id` bigint(20) NOT NULL,
  `email` varchar(50) DEFAULT NULL,
  `is_delete` bit(1) NOT NULL,
  `password` varchar(120) DEFAULT NULL,
  `phone` varchar(11) DEFAULT NULL,
  `username` varchar(20) DEFAULT NULL
) ENGINE=InnoDB DEFAULT CHARSET=utf8mb4;

--
-- Đang đổ dữ liệu cho bảng `users`
--

INSERT INTO `users` (`id`, `email`, `is_delete`, `password`, `phone`, `username`) VALUES
(1, 'admin@gmail.com', b'0', '$2a$10$AOVRyjb.ofqTHbYScR86QOy/fVc6IZMgelkYvM3MQnx/QrnwUA4Iq', '01234567890', 'admin'),
(2, 'user@gmail.com', b'0', '$2a$10$bOEfAxxuvquGJ/eeO4SEdeYpR05R/jKiOaEIy8Sy7JQSwOb1PctTK', '0123456789', 'user'),
(3, 'guest@gmail.com', b'0', '$2a$10$0cWJkmMw0.q3oand0BdrQ.OtMB5/EuRXNosLocMpIhoRu.deAZjKW', '033478629', 'guest');

-- --------------------------------------------------------

--
-- Cấu trúc bảng cho bảng `user_roles`
--

CREATE TABLE `user_roles` (
  `user_id` bigint(20) NOT NULL,
  `role_id` int(11) NOT NULL
) ENGINE=InnoDB DEFAULT CHARSET=utf8mb4;

--
-- Đang đổ dữ liệu cho bảng `user_roles`
--

INSERT INTO `user_roles` (`user_id`, `role_id`) VALUES
(1, 1),
(2, 2),
(3, 3);

-- --------------------------------------------------------

--
-- Cấu trúc bảng cho bảng `voucher`
--

CREATE TABLE `voucher` (
  `id` bigint(20) NOT NULL,
  `amount` bigint(20) DEFAULT NULL,
  `discount` double DEFAULT NULL,
  `id_event` bigint(20) DEFAULT NULL,
  `is_delete` bit(1) DEFAULT NULL,
  `minimum_value` double DEFAULT NULL,
  `name` varchar(255) DEFAULT NULL,
  `id_bill` bigint(20) DEFAULT NULL
) ENGINE=InnoDB DEFAULT CHARSET=utf8mb4;

--
-- Đang đổ dữ liệu cho bảng `voucher`
--

INSERT INTO `voucher` (`id`, `amount`, `discount`, `id_event`, `is_delete`, `minimum_value`, `name`, `id_bill`) VALUES
(1, 569, 385.99, 7, b'0', 730.57, 'Liang Anqi', 84),
(2, 503, 460.44, 8, b'0', 986.4, 'Linda Tucker', 56),
(3, 326, 481.09, 41, b'0', 546.05, 'Tang Zhennan', 3),
(4, 627, 652.9, 30, b'0', 653.34, 'Chiang Tsz Hin', 74),
(5, 454, 665.17, 26, b'0', 927.06, 'Willie Silva', 71),
(6, 65, 44.05, 69, b'0', 436.16, 'Jiang Xiaoming', 27),
(7, 898, 550.41, 19, b'0', 336.25, 'Tan Jiehong', 6),
(8, 679, 384.52, 5, b'0', 724.05, 'Rebecca Gordon', 76),
(9, 192, 717.71, 100, b'0', 623.87, 'Yip Tin Lok', 58),
(10, 620, 200.45, 21, b'0', 554.83, 'Yamamoto Rena', 11),
(11, 711, 659.54, 63, b'0', 944, 'Tanaka Akina', 20),
(12, 32, 123.99, 31, b'0', 421.53, 'Siu Sze Yu', 83),
(13, 429, 959.79, 67, b'0', 400.52, 'Randall Chavez', 32),
(14, 762, 307.32, 88, b'0', 400.25, 'Chang Sum Wing', 46),
(15, 908, 680.7, 92, b'0', 269.94, 'Barry Hawkins', 50),
(16, 78, 628.28, 17, b'0', 551.08, 'Sato Sakura', 53),
(17, 211, 814.23, 34, b'0', 647.78, 'Raymond Ramos', 93),
(18, 490, 676.1, 70, b'0', 825.94, 'Tamura Hina', 5),
(19, 583, 416.64, 29, b'0', 842.01, 'Kinoshita Ayato', 46),
(20, 386, 709.18, 59, b'0', 168.87, 'Qiu Xiuying', 75),
(21, 801, 136.71, 35, b'0', 237.43, 'Tong Tin Lok', 51),
(22, 713, 388.95, 38, b'0', 951.99, 'Kevin Patel', 12),
(23, 260, 152.23, 72, b'0', 200.97, 'Lei Zhiyuan', 62),
(24, 90, 426.18, 73, b'0', 117.34, 'Masuda Yamato', 62),
(25, 899, 996.94, 94, b'0', 127.32, 'Mui Tak Wah', 83),
(26, 831, 110.74, 35, b'0', 704.82, 'Jean Martin', 16),
(27, 485, 89.85, 32, b'0', 76.58, 'Norman Olson', 43),
(28, 984, 916.77, 42, b'0', 563.63, 'Yamada Minato', 98),
(29, 704, 548.22, 68, b'0', 998.38, 'Sasaki Hikari', 52),
(30, 487, 426.56, 96, b'0', 8.25, 'Adam Thomas', 2),
(31, 831, 100.48, 90, b'0', 509.28, 'Mui On Na', 15),
(32, 209, 532.42, 95, b'0', 63.8, 'Tammy Murphy', 49),
(33, 157, 408.03, 76, b'0', 619.53, 'Emma Gomez', 81),
(34, 451, 91, 59, b'0', 426.4, 'Nakagawa Hazuki', 10),
(35, 804, 967.24, 79, b'0', 879.67, 'Ronald Meyer', 62),
(36, 113, 841.41, 59, b'0', 503.91, 'Lu Lu', 69),
(37, 981, 432.52, 95, b'0', 329.34, 'Qian Jialun', 66),
(38, 453, 334.67, 64, b'0', 3.77, 'Frederick Marshall', 37),
(39, 994, 576.74, 35, b'0', 843.48, 'Hazel Parker', 61),
(40, 530, 155.84, 27, b'0', 916.75, 'Cho Wing Suen', 47),
(41, 256, 746.19, 26, b'0', 616.38, 'Philip Garza', 76),
(42, 759, 723.07, 24, b'0', 346, 'Imai Ryota', 41),
(43, 86, 341.31, 50, b'0', 389.95, 'Yin Sum Wing', 45),
(44, 994, 933.7, 42, b'0', 291.48, 'Kojima Daisuke', 60),
(45, 360, 802.35, 51, b'0', 623.8, 'Shi Lu', 21),
(46, 275, 705.22, 74, b'0', 854.86, 'April Alexander', 91),
(47, 805, 436.16, 29, b'0', 182.8, 'Cao Zhiyuan', 15),
(48, 817, 212.54, 15, b'0', 749.12, 'Fujita Nanami', 36),
(49, 461, 484.8, 37, b'0', 941.01, 'Lui Yun Fat', 99),
(50, 833, 45.17, 29, b'0', 196.58, 'To Chi Yuen', 56),
(51, 47, 692.31, 11, b'0', 575.74, 'Anna West', 27),
(52, 575, 933.78, 20, b'0', 367.86, 'Arai Hazuki', 9),
(53, 106, 508.32, 11, b'0', 881.85, 'Long Rui', 69),
(54, 229, 441.29, 55, b'0', 777.46, 'Nakayama Mitsuki', 68),
(55, 201, 898.47, 1, b'0', 972.6, 'Hirano Kenta', 57),
(56, 744, 731.19, 77, b'0', 265.13, 'Pan Ziyi', 50),
(57, 856, 848.16, 45, b'0', 627.96, 'Fukuda Misaki', 80),
(58, 38, 732.89, 54, b'0', 918.11, 'Koon Ming Sze', 55),
(59, 151, 563.99, 46, b'0', 615.8, 'Miu Cho Yee', 92),
(60, 706, 778.66, 26, b'0', 946.06, 'Rita Ramirez', 70),
(61, 848, 227.58, 3, b'0', 64.87, 'Harada Yota', 15),
(62, 649, 975.1, 16, b'0', 195.5, 'Stephen Brooks', 10),
(63, 229, 742.85, 20, b'0', 344.86, 'Robert Mendoza', 92),
(64, 463, 388.83, 18, b'0', 905.34, 'Antonio Myers', 65),
(65, 347, 311.5, 38, b'0', 248.24, 'Taniguchi Hikari', 65),
(66, 790, 900.18, 94, b'0', 548.87, 'Koyama Daisuke', 74),
(67, 818, 772.79, 25, b'0', 359.07, 'Norman Henderson', 54),
(68, 18, 738.26, 59, b'0', 234.91, 'Takahashi Hina', 90),
(69, 111, 239.86, 5, b'0', 455.66, 'Sylvia Barnes', 35),
(70, 578, 226.7, 67, b'0', 390.19, 'Tang Wai Man', 95),
(71, 341, 599.05, 64, b'0', 976.44, 'Choi Chiu Wai', 43),
(72, 721, 116.41, 52, b'0', 939.1, 'Huang Jialun', 21),
(73, 639, 240.54, 91, b'0', 266.27, 'Jonathan Owens', 68),
(74, 249, 779.51, 98, b'0', 854.47, 'Pamela Allen', 26),
(75, 813, 729.66, 98, b'0', 693.23, 'Fong Sze Yu', 46),
(76, 788, 934.82, 2, b'0', 308.97, 'Marjorie Chavez', 21),
(77, 671, 971.25, 18, b'0', 540.54, 'Jeffery Ramirez', 57),
(78, 88, 990.43, 52, b'0', 569.13, 'Sheh On Kay', 64),
(79, 815, 185.16, 27, b'0', 65.02, 'Sato Sara', 83),
(80, 614, 465.48, 89, b'0', 488.41, 'Watanabe Yota', 18),
(81, 154, 127.63, 76, b'0', 812.88, 'Miu Ting Fung', 97),
(82, 838, 658.52, 79, b'0', 560.67, 'Ho Lik Sun', 41),
(83, 340, 819.17, 14, b'0', 581.01, 'Hou Xiuying', 76),
(84, 437, 254.87, 38, b'0', 135.91, 'Yin Jiehong', 75),
(85, 78, 397.24, 7, b'0', 779.48, 'Yu Shihan', 39),
(86, 598, 343.16, 72, b'0', 848.53, 'Choi Hok Yau', 4),
(87, 274, 467.19, 49, b'0', 268.58, 'Chang Tsz Ching', 51),
(88, 765, 556.11, 25, b'0', 542.68, 'Kojima Kaito', 1),
(89, 995, 123.52, 74, b'0', 90.74, 'Dong Ziyi', 94),
(90, 384, 682.64, 59, b'0', 223.22, 'Arai Hikari', 32),
(91, 138, 848.92, 88, b'0', 56.41, 'Jean Castillo', 54),
(92, 94, 493.28, 63, b'0', 303.08, 'Ogawa Ikki', 96),
(93, 441, 116.73, 19, b'0', 928.89, 'Wong Ling Ling', 17),
(94, 799, 989.45, 38, b'0', 677.69, 'Cao Lu', 33),
(95, 523, 12.34, 97, b'0', 510.97, 'Liao Jialun', 11),
(96, 327, 164.4, 44, b'0', 842.83, 'Kondo Yuna', 26),
(97, 793, 798.15, 63, b'0', 789.34, 'Liang Xiuying', 87),
(98, 760, 678.34, 95, b'0', 637.75, 'Hirano Kenta', 85),
(99, 217, 747.86, 64, b'0', 521.91, 'Jonathan Sullivan', 83),
(100, 797, 865.08, 49, b'0', 57.85, 'Anna Patel', 17);

-- --------------------------------------------------------

--
-- Cấu trúc bảng cho bảng `voucherbill`
--

CREATE TABLE `voucherbill` (
  `id` bigint(20) NOT NULL,
  `id_bill` bigint(20) DEFAULT NULL
) ENGINE=InnoDB DEFAULT CHARSET=utf8mb4;

--
-- Đang đổ dữ liệu cho bảng `voucherbill`
--

INSERT INTO `voucherbill` (`id`, `id_bill`) VALUES
(89, 1),
(63, 2),
(41, 4),
(55, 4),
(95, 4),
(6, 7),
(8, 7),
(96, 7),
(98, 8),
(84, 9),
(87, 11),
(67, 12),
(33, 13),
(79, 13),
(92, 13),
(9, 14),
(86, 14),
(74, 15),
(38, 16),
(29, 17),
(32, 17),
(40, 17),
(80, 21),
(12, 22),
(71, 22),
(51, 25),
(24, 29),
(60, 29),
(81, 31),
(31, 32),
(66, 34),
(39, 35),
(47, 36),
(70, 36),
(16, 37),
(49, 37),
(17, 38),
(28, 38),
(23, 42),
(46, 44),
(20, 45),
(65, 45),
(50, 46),
(73, 46),
(36, 47),
(45, 47),
(99, 47),
(93, 48),
(72, 51),
(56, 53),
(18, 54),
(97, 55),
(2, 56),
(75, 57),
(64, 58),
(100, 58),
(25, 60),
(54, 60),
(76, 61),
(34, 62),
(13, 63),
(91, 66),
(85, 68),
(90, 69),
(27, 70),
(62, 70),
(68, 70),
(11, 71),
(58, 72),
(15, 73),
(59, 73),
(88, 73),
(83, 74),
(57, 75),
(69, 77),
(4, 79),
(35, 79),
(5, 80),
(19, 80),
(78, 80),
(52, 81),
(61, 81),
(26, 82),
(43, 83),
(82, 83),
(14, 85),
(42, 85),
(53, 85),
(21, 87),
(22, 87),
(48, 87),
(30, 88),
(37, 88),
(1, 91),
(44, 91),
(3, 93),
(10, 97),
(7, 98),
(77, 98),
(94, 98);

--
-- Chỉ mục cho các bảng đã đổ
--

--
-- Chỉ mục cho bảng `bill`
--
ALTER TABLE `bill`
  ADD PRIMARY KEY (`id`),
  ADD KEY `FKfhkxwb71lvn1t7d0l234hxywa` (`id_customer`),
  ADD KEY `FK3tespgdx2wmrxefiyvp5q37ih` (`id_history_pay`);

--
-- Chỉ mục cho bảng `category`
--
ALTER TABLE `category`
  ADD PRIMARY KEY (`id`);

--
-- Chỉ mục cho bảng `customer`
--
ALTER TABLE `customer`
  ADD PRIMARY KEY (`id`);

--
-- Chỉ mục cho bảng `event`
--
ALTER TABLE `event`
  ADD PRIMARY KEY (`id_event`);

--
-- Chỉ mục cho bảng `history_pay`
--
ALTER TABLE `history_pay`
  ADD PRIMARY KEY (`id_history`),
  ADD KEY `FK3vet0nuxasppdgmktniei1yfa` (`id_stride_style_pay`);

--
-- Chỉ mục cho bảng `image`
--
ALTER TABLE `image`
  ADD PRIMARY KEY (`id`),
  ADD KEY `FKnehdwamvp4hqgh0ab1yy7igst` (`id_account`),
  ADD KEY `FKebv5p4e8gjysj4vdgkom261ru` (`id_product`);

--
-- Chỉ mục cho bảng `orderdetail`
--
ALTER TABLE `orderdetail`
  ADD PRIMARY KEY (`id`),
  ADD KEY `FK10wu65rsj42intbo9hwa2tmqe` (`id_bill`);

--
-- Chỉ mục cho bảng `product`
--
ALTER TABLE `product`
  ADD PRIMARY KEY (`id`),
  ADD KEY `FK5cxv31vuhc7v32omftlxa8k3c` (`id_category`);

--
-- Chỉ mục cho bảng `product_detail`
--
ALTER TABLE `product_detail`
  ADD PRIMARY KEY (`id`),
  ADD KEY `FKiyk9npasmucg0xxq9ooc31g04` (`id_product`),
  ADD KEY `FKf23hjslxh6mdlxjm94k7c366d` (`id_property`),
  ADD KEY `FKklell1kj4i5npdyb7un3n55nj` (`id_size`),
  ADD KEY `FKly98wh1udl6y1lxprqryolc0w` (`product_id`);

--
-- Chỉ mục cho bảng `property`
--
ALTER TABLE `property`
  ADD PRIMARY KEY (`id_property`);

--
-- Chỉ mục cho bảng `roles`
--
ALTER TABLE `roles`
  ADD PRIMARY KEY (`id`);

--
-- Chỉ mục cho bảng `size`
--
ALTER TABLE `size`
  ADD PRIMARY KEY (`id`);

--
-- Chỉ mục cho bảng `stride_style_pay`
--
ALTER TABLE `stride_style_pay`
  ADD PRIMARY KEY (`id`),
  ADD KEY `FKbaiusw5w99j1iyplfjjnte1n8` (`id_customer`);

--
-- Chỉ mục cho bảng `users`
--
ALTER TABLE `users`
  ADD PRIMARY KEY (`id`),
  ADD UNIQUE KEY `UKr43af9ap4edm43mmtq01oddj6` (`username`),
  ADD UNIQUE KEY `UK6dotkott2kjsp8vw4d0m25fb7` (`email`);

--
-- Chỉ mục cho bảng `user_roles`
--
ALTER TABLE `user_roles`
  ADD PRIMARY KEY (`user_id`,`role_id`),
  ADD KEY `FKh8ciramu9cc9q3qcqiv4ue8a6` (`role_id`);

--
-- Chỉ mục cho bảng `voucher`
--
ALTER TABLE `voucher`
  ADD PRIMARY KEY (`id`),
  ADD KEY `FK6jo87s1hl0p4o0e1ns1fak2w1` (`id_bill`),
  ADD KEY `FKld3esjf4ens5xs9phpkvwte1i` (`id_event`);

--
-- Chỉ mục cho bảng `voucherbill`
--
ALTER TABLE `voucherbill`
  ADD PRIMARY KEY (`id`),
  ADD KEY `FKkb8k4j1bo8nn3bdsau19yh6s6` (`id_bill`);

--
-- AUTO_INCREMENT cho các bảng đã đổ
--

--
-- AUTO_INCREMENT cho bảng `category`
--
ALTER TABLE `category`
  MODIFY `id` bigint(20) NOT NULL AUTO_INCREMENT, AUTO_INCREMENT=1001;

--
-- AUTO_INCREMENT cho bảng `customer`
--
ALTER TABLE `customer`
  MODIFY `id` bigint(20) NOT NULL AUTO_INCREMENT, AUTO_INCREMENT=101;

--
-- AUTO_INCREMENT cho bảng `event`
--
ALTER TABLE `event`
  MODIFY `id_event` bigint(20) NOT NULL AUTO_INCREMENT, AUTO_INCREMENT=101;

--
-- AUTO_INCREMENT cho bảng `history_pay`
--
ALTER TABLE `history_pay`
  MODIFY `id_history` bigint(20) NOT NULL AUTO_INCREMENT, AUTO_INCREMENT=101;

--
-- AUTO_INCREMENT cho bảng `image`
--
ALTER TABLE `image`
  MODIFY `id` bigint(20) NOT NULL AUTO_INCREMENT;

--
-- AUTO_INCREMENT cho bảng `orderdetail`
--
ALTER TABLE `orderdetail`
  MODIFY `id` bigint(20) NOT NULL AUTO_INCREMENT, AUTO_INCREMENT=101;

--
-- AUTO_INCREMENT cho bảng `product`
--
ALTER TABLE `product`
  MODIFY `id` bigint(20) NOT NULL AUTO_INCREMENT, AUTO_INCREMENT=101;

--
-- AUTO_INCREMENT cho bảng `product_detail`
--
ALTER TABLE `product_detail`
  MODIFY `id` bigint(20) NOT NULL AUTO_INCREMENT, AUTO_INCREMENT=101;

--
-- AUTO_INCREMENT cho bảng `property`
--
ALTER TABLE `property`
  MODIFY `id_property` bigint(20) NOT NULL AUTO_INCREMENT, AUTO_INCREMENT=101;

--
-- AUTO_INCREMENT cho bảng `roles`
--
ALTER TABLE `roles`
  MODIFY `id` int(11) NOT NULL AUTO_INCREMENT, AUTO_INCREMENT=4;

--
-- AUTO_INCREMENT cho bảng `size`
--
ALTER TABLE `size`
  MODIFY `id` bigint(20) NOT NULL AUTO_INCREMENT, AUTO_INCREMENT=101;

--
-- AUTO_INCREMENT cho bảng `stride_style_pay`
--
ALTER TABLE `stride_style_pay`
  MODIFY `id` bigint(20) NOT NULL AUTO_INCREMENT, AUTO_INCREMENT=101;

--
-- AUTO_INCREMENT cho bảng `users`
--
ALTER TABLE `users`
  MODIFY `id` bigint(20) NOT NULL AUTO_INCREMENT, AUTO_INCREMENT=4;

--
-- AUTO_INCREMENT cho bảng `voucher`
--
ALTER TABLE `voucher`
  MODIFY `id` bigint(20) NOT NULL AUTO_INCREMENT, AUTO_INCREMENT=101;

--
-- AUTO_INCREMENT cho bảng `voucherbill`
--
ALTER TABLE `voucherbill`
  MODIFY `id` bigint(20) NOT NULL AUTO_INCREMENT, AUTO_INCREMENT=101;

--
-- Các ràng buộc cho các bảng đã đổ
--

--
-- Các ràng buộc cho bảng `bill`
--
ALTER TABLE `bill`
  ADD CONSTRAINT `FK3tespgdx2wmrxefiyvp5q37ih` FOREIGN KEY (`id_history_pay`) REFERENCES `history_pay` (`id_history`),
  ADD CONSTRAINT `FKfhkxwb71lvn1t7d0l234hxywa` FOREIGN KEY (`id_customer`) REFERENCES `customer` (`id`);

--
-- Các ràng buộc cho bảng `history_pay`
--
ALTER TABLE `history_pay`
  ADD CONSTRAINT `FK3vet0nuxasppdgmktniei1yfa` FOREIGN KEY (`id_stride_style_pay`) REFERENCES `stride_style_pay` (`id`);

--
-- Các ràng buộc cho bảng `image`
--
ALTER TABLE `image`
  ADD CONSTRAINT `FKebv5p4e8gjysj4vdgkom261ru` FOREIGN KEY (`id_product`) REFERENCES `product` (`id`),
  ADD CONSTRAINT `FKnehdwamvp4hqgh0ab1yy7igst` FOREIGN KEY (`id_account`) REFERENCES `users` (`id`);

--
-- Các ràng buộc cho bảng `orderdetail`
--
ALTER TABLE `orderdetail`
  ADD CONSTRAINT `FK10wu65rsj42intbo9hwa2tmqe` FOREIGN KEY (`id_bill`) REFERENCES `bill` (`id`);

--
-- Các ràng buộc cho bảng `product`
--
ALTER TABLE `product`
  ADD CONSTRAINT `FK5cxv31vuhc7v32omftlxa8k3c` FOREIGN KEY (`id_category`) REFERENCES `category` (`id`);

--
-- Các ràng buộc cho bảng `product_detail`
--
ALTER TABLE `product_detail`
  ADD CONSTRAINT `FKf23hjslxh6mdlxjm94k7c366d` FOREIGN KEY (`id_property`) REFERENCES `property` (`id_property`),
  ADD CONSTRAINT `FKiyk9npasmucg0xxq9ooc31g04` FOREIGN KEY (`id_product`) REFERENCES `product` (`id`),
  ADD CONSTRAINT `FKklell1kj4i5npdyb7un3n55nj` FOREIGN KEY (`id_size`) REFERENCES `size` (`id`),
  ADD CONSTRAINT `FKly98wh1udl6y1lxprqryolc0w` FOREIGN KEY (`product_id`) REFERENCES `orderdetail` (`id`);

--
-- Các ràng buộc cho bảng `stride_style_pay`
--
ALTER TABLE `stride_style_pay`
  ADD CONSTRAINT `FKbaiusw5w99j1iyplfjjnte1n8` FOREIGN KEY (`id_customer`) REFERENCES `customer` (`id`);

--
-- Các ràng buộc cho bảng `user_roles`
--
ALTER TABLE `user_roles`
  ADD CONSTRAINT `FKh8ciramu9cc9q3qcqiv4ue8a6` FOREIGN KEY (`role_id`) REFERENCES `roles` (`id`),
  ADD CONSTRAINT `FKhfh9dx7w3ubf1co1vdev94g3f` FOREIGN KEY (`user_id`) REFERENCES `users` (`id`);

--
-- Các ràng buộc cho bảng `voucher`
--
ALTER TABLE `voucher`
  ADD CONSTRAINT `FK6jo87s1hl0p4o0e1ns1fak2w1` FOREIGN KEY (`id_bill`) REFERENCES `bill` (`id`),
  ADD CONSTRAINT `FKld3esjf4ens5xs9phpkvwte1i` FOREIGN KEY (`id_event`) REFERENCES `event` (`id_event`);

--
-- Các ràng buộc cho bảng `voucherbill`
--
ALTER TABLE `voucherbill`
  ADD CONSTRAINT `FKkb8k4j1bo8nn3bdsau19yh6s6` FOREIGN KEY (`id_bill`) REFERENCES `bill` (`id`);
COMMIT;

/*!40101 SET CHARACTER_SET_CLIENT=@OLD_CHARACTER_SET_CLIENT */;
/*!40101 SET CHARACTER_SET_RESULTS=@OLD_CHARACTER_SET_RESULTS */;
/*!40101 SET COLLATION_CONNECTION=@OLD_COLLATION_CONNECTION */;
